"Country","Year","Rank","Happiness score","GDP","Generosity","Freedom","Health","Corruption"
"Switzerland",2015,1,7.587,1.39651,0.29678,0.66557,0.94143,0.41978
"Iceland",2015,2,7.561,1.30232,0.4363,0.62877,0.94784,0.14145
"Denmark",2015,3,7.527,1.32548,0.34139,0.64938,0.87464,0.48357
"Norway",2015,4,7.522,1.459,0.34699,0.66973,0.88521,0.36503
"Canada",2015,5,7.427,1.32629,0.45811,0.63297,0.90563,0.32957
"Finland",2015,6,7.406,1.29025,0.23351,0.64169,0.88911,0.41372
"Netherlands",2015,7,7.378,1.32944,0.4761,0.61576,0.89284,0.31814
"Sweden",2015,8,7.364,1.33171,0.36262,0.6598,0.91087,0.43844
"New Zealand",2015,9,7.286,1.25018,0.47501,0.63938,0.90837,0.42922
"Australia",2015,10,7.284,1.33358,0.43562,0.65124,0.93156,0.35637
"Israel",2015,11,7.278,1.22857,0.33172,0.41319,0.91387,0.07785
"Costa Rica",2015,12,7.226,0.95578,0.25497,0.63376,0.86027,0.10583
"Austria",2015,13,7.2,1.33723,0.33088,0.62433,0.89042,0.18676
"Mexico",2015,14,7.187,1.02054,0.14074,0.48181,0.81444,0.21312
"United States",2015,15,7.119,1.39451,0.40105,0.54604,0.86179,0.1589
"Brazil",2015,16,6.983,0.98124,0.14574,0.49049,0.69702,0.17521
"Luxembourg",2015,17,6.946,1.56391,0.28034,0.61583,0.91894,0.37798
"Ireland",2015,18,6.94,1.33596,0.45901,0.61777,0.89533,0.28703
"Belgium",2015,19,6.937,1.30782,0.2225,0.5845,0.89667,0.2254
"United Arab Emirates",2015,20,6.901,1.42727,0.26428,0.64157,0.80925,0.38583
"United Kingdom",2015,21,6.867,1.26637,0.51912,0.59625,0.90943,0.32067
"Oman",2015,22,6.853,1.36011,0.21542,0.63274,0.76276,0.32524
"Venezuela",2015,23,6.81,1.04424,0.05841,0.42908,0.72052,0.11069
"Singapore",2015,24,6.798,1.52186,0.31105,0.54252,1.02525,0.4921
"Panama",2015,25,6.786,1.06353,0.24434,0.5421,0.79661,0.0927
"Germany",2015,26,6.75,1.32792,0.28214,0.61477,0.89186,0.21843
"Chile",2015,27,6.67,1.10715,0.33363,0.44132,0.85857,0.12869
"Qatar",2015,28,6.611,1.69042,0.32573,0.6404,0.79733,0.52208
"France",2015,29,6.575,1.27778,0.12332,0.55011,0.94579,0.20646
"Argentina",2015,30,6.574,1.05351,0.11451,0.44974,0.78723,0.08484
"Czech Republic",2015,31,6.505,1.17898,0.10686,0.46364,0.84483,0.02652
"Uruguay",2015,32,6.485,1.06166,0.2324,0.60362,0.8116,0.24558
"Colombia",2015,33,6.477,0.91861,0.18401,0.53466,0.69077,0.0512
"Thailand",2015,34,6.455,0.9669,0.5763,0.55664,0.7385,0.03187
"Saudi Arabia",2015,35,6.411,1.39541,0.13706,0.31048,0.72025,0.32524
"Spain",2015,36,6.329,1.23011,0.18227,0.45951,0.95562,0.06398
"Malta",2015,37,6.302,1.2074,0.51752,0.60365,0.88721,0.13586
"Taiwan",2015,38,6.298,1.29098,0.25376,0.3974,0.8753,0.08129
"Kuwait",2015,39,6.295,1.55422,0.16228,0.55499,0.72492,0.25609
"Suriname",2015,40,6.269,0.99534,0.16991,0.59657,0.6082,0.13633
"Trinidad and Tobago",2015,41,6.168,1.21183,0.31844,0.55884,0.61483,0.0114
"El Salvador",2015,42,6.13,0.76454,0.10692,0.4035,0.67737,0.11776
"Guatemala",2015,43,6.123,0.74553,0.27489,0.57733,0.64425,0.09472
"Uzbekistan",2015,44,6.003,0.63244,0.22837,0.65821,0.59772,0.30826
"Slovakia",2015,45,5.995,1.16891,0.16893,0.31751,0.78902,0.03431
"Japan",2015,46,5.987,1.27074,0.10705,0.49615,0.99111,0.1806
"South Korea",2015,47,5.984,1.24461,0.18557,0.33208,0.96538,0.07857
"Ecuador",2015,48,5.975,0.86402,0.11541,0.48574,0.79075,0.1809
"Bahrain",2015,49,5.96,1.32376,0.17362,0.45492,0.74716,0.306
"Italy",2015,50,5.948,1.25114,0.22823,0.26236,0.95446,0.02901
"Bolivia",2015,51,5.89,0.68133,0.20536,0.57414,0.5392,0.088
"Moldova",2015,52,5.889,0.59448,0.20951,0.32818,0.61826,0.01615
"Paraguay",2015,53,5.878,0.75985,0.3424,0.53899,0.66098,0.08242
"Kazakhstan",2015,54,5.855,1.12254,0.11827,0.51649,0.64368,0.08454
"Slovenia",2015,55,5.848,1.18498,0.25328,0.60855,0.87337,0.03787
"Lithuania",2015,56,5.833,1.14723,0.02641,0.21342,0.73128,0.01031
"Nicaragua",2015,57,5.828,0.59325,0.27815,0.55475,0.74314,0.19317
"Peru",2015,58,5.824,0.90019,0.14982,0.41496,0.73017,0.05989
"Belarus",2015,59,5.813,1.03192,0.11046,0.37938,0.73608,0.1909
"Poland",2015,60,5.791,1.12555,0.16759,0.53122,0.77903,0.04212
"Malaysia",2015,61,5.77,1.12486,0.33075,0.53024,0.72394,0.10501
"Croatia",2015,62,5.759,1.08254,0.05444,0.25883,0.78805,0.0243
"Libya",2015,63,5.754,1.13145,0.18295,0.41668,0.7038,0.11023
"Russia",2015,64,5.716,1.13764,0.00199,0.36679,0.66926,0.03005
"Jamaica",2015,65,5.709,0.81038,0.2123,0.50442,0.68741,0.02299
"North Cyprus",2015,66,5.695,1.20806,0.26169,0.49027,0.92356,0.1428
"Cyprus",2015,67,5.689,1.20813,0.30638,0.40672,0.92356,0.06146
"Algeria",2015,68,5.605,0.93929,0.07822,0.28579,0.61766,0.17383
"Kosovo",2015,69,5.589,0.80148,0.2831,0.24749,0.63132,0.04741
"Turkmenistan",2015,70,5.548,0.95847,0.16979,0.4761,0.53886,0.30844
"Mauritius",2015,71,5.477,1.00761,0.37744,0.56066,0.7095,0.07521
"Hong Kong",2015,72,5.474,1.38604,0.39478,0.59608,1.01328,0.37124
"Estonia",2015,73,5.429,1.15174,0.0868,0.44888,0.77361,0.15184
"Indonesia",2015,74,5.399,0.82827,0.51535,0.46611,0.63793,0
"Vietnam",2015,75,5.36,0.63216,0.1686,0.59444,0.74676,0.10441
"Turkey",2015,76,5.332,1.06098,0.12253,0.22815,0.73172,0.15746
"Kyrgyzstan",2015,77,5.286,0.47428,0.3003,0.43477,0.65088,0.04232
"Nigeria",2015,78,5.268,0.65435,0.27233,0.34334,0.16007,0.0403
"Bhutan",2015,79,5.253,0.77042,0.47998,0.53206,0.57407,0.15445
"Azerbaijan",2015,80,5.212,1.02389,0.07799,0.3703,0.64045,0.16065
"Pakistan",2015,81,5.194,0.59543,0.33671,0.12102,0.51466,0.10464
"Jordan",2015,82,5.192,0.90198,0.11053,0.40661,0.69639,0.14293
"Montenegro",2015,82,5.192,0.97438,0.1614,0.1826,0.72521,0.14296
"China",2015,84,5.14,0.89012,0.08185,0.51697,0.81658,0.02781
"Zambia",2015,85,5.129,0.47038,0.19591,0.48827,0.29924,0.12468
"Romania",2015,86,5.124,1.04345,0.13748,0.35068,0.7689,0.00649
"Serbia",2015,87,5.123,0.92053,0.19231,0.20107,0.74836,0.02617
"Portugal",2015,88,5.102,1.15991,0.13719,0.51469,0.87519,0.01078
"Latvia",2015,89,5.098,1.11312,0.18226,0.29671,0.72437,0.06332
"Philippines",2015,90,5.073,0.70532,0.24991,0.62545,0.58114,0.12279
"Somaliland region",2015,91,5.057,0.18847,0.50318,0.46582,0.43873,0.39928
"Morocco",2015,92,5.013,0.73479,0.07172,0.41691,0.60954,0.08546
"Macedonia",2015,93,5.007,0.91851,0.22359,0.33457,0.73545,0.05327
"Mozambique",2015,94,4.971,0.08308,0.22269,0.34037,0.09131,0.15603
"Albania",2015,95,4.959,0.87867,0.14272,0.35733,0.81325,0.06413
"Bosnia and Herzegovina",2015,96,4.949,0.83223,0.24808,0.09245,0.79081,0.00227
"Lesotho",2015,97,4.898,0.37545,0.16388,0.31767,0.07612,0.12504
"Dominican Republic",2015,98,4.885,0.89537,0.21684,0.57672,0.66825,0.14234
"Laos",2015,99,4.876,0.59066,0.42192,0.59591,0.54909,0.24249
"Mongolia",2015,100,4.874,0.82819,0.3323,0.43626,0.60268,0.02666
"Swaziland",2015,101,4.867,0.71206,0.18259,0.30658,0.07566,0.0306
"Greece",2015,102,4.857,1.15406,0,0.07699,0.88213,0.01397
"Lebanon",2015,103,4.839,1.02564,0.21854,0.33916,0.83947,0.04582
"Hungary",2015,104,4.8,1.12094,0.128,0.32112,0.75905,0.02758
"Honduras",2015,105,4.788,0.59532,0.23027,0.40148,0.6951,0.06825
"Tajikistan",2015,106,4.786,0.39047,0.22974,0.47216,0.57379,0.15072
"Tunisia",2015,107,4.739,0.88113,0.06431,0.26268,0.73793,0.06358
"Palestinian Territories",2015,108,4.715,0.59867,0.11251,0.24499,0.66015,0.12905
"Bangladesh",2015,109,4.694,0.39753,0.21222,0.4082,0.60164,0.12569
"Iran",2015,110,4.686,1.0088,0.38086,0.30033,0.69805,0.05863
"Ukraine",2015,111,4.681,0.79907,0.15275,0.25123,0.6739,0.02961
"Iraq",2015,112,4.677,0.98549,0.17922,0,0.60237,0.13788
"South Africa",2015,113,4.642,0.92049,0.11973,0.33207,0.27688,0.08884
"Ghana",2015,114,4.633,0.54558,0.23087,0.42342,0.40132,0.04355
"Zimbabwe",2015,115,4.61,0.271,0.18987,0.25861,0.33475,0.08079
"Liberia",2015,116,4.571,0.0712,0.24362,0.28531,0.34201,0.06232
"India",2015,117,4.565,0.64499,0.26475,0.39786,0.51529,0.08492
"Sudan",2015,118,4.55,0.52107,0.19062,0.10081,0.36878,0.1466
"Haiti",2015,119,4.518,0.26673,0.46187,0.24425,0.38847,0.17175
"Congo (Kinshasa)",2015,120,4.517,0,0.24834,0.22605,0.09806,0.07625
"Nepal",2015,121,4.514,0.35997,0.32296,0.38282,0.56874,0.05907
"Ethiopia",2015,122,4.512,0.19073,0.24325,0.4345,0.44055,0.15048
"Sierra Leone",2015,123,4.507,0.33024,0.21488,0.4084,0,0.08786
"Mauritania",2015,124,4.436,0.45407,0.219,0.24232,0.35874,0.17461
"Kenya",2015,125,4.419,0.36471,0.37542,0.42215,0.41435,0.05839
"Djibouti",2015,126,4.369,0.44025,0.18093,0.46074,0.36291,0.28105
"Armenia",2015,127,4.35,0.76821,0.07855,0.19847,0.7299,0.039
"Botswana",2015,128,4.332,0.99355,0.10461,0.49495,0.04776,0.12474
"Myanmar",2015,129,4.307,0.27108,0.79588,0.44017,0.48246,0.19034
"Georgia",2015,130,4.297,0.7419,0.05547,0.40577,0.72926,0.38331
"Malawi",2015,131,4.292,0.01604,0.33128,0.43054,0.22562,0.06977
"Sri Lanka",2015,132,4.271,0.83524,0.40828,0.53726,0.70806,0.09179
"Cameroon",2015,133,4.252,0.4225,0.20618,0.49309,0.23402,0.05786
"Bulgaria",2015,134,4.218,1.01216,0.11921,0.30587,0.76649,0.00872
"Egypt",2015,135,4.194,0.8818,0.11291,0.17288,0.61712,0.06324
"Yemen",2015,136,4.077,0.54649,0.09131,0.35571,0.40064,0.07854
"Angola",2015,137,4.033,0.75778,0.12344,0.10384,0.16683,0.07122
"Mali",2015,138,3.995,0.26074,0.18798,0.38857,0.20583,0.12352
"Congo (Brazzaville)",2015,139,3.989,0.67866,0.12388,0.41466,0.31051,0.11686
"Comoros",2015,140,3.956,0.23906,0.17441,0.22917,0.36315,0.199
"Uganda",2015,141,3.931,0.21102,0.29066,0.45727,0.33861,0.07267
"Senegal",2015,142,3.904,0.36498,0.20843,0.36772,0.4354,0.10713
"Gabon",2015,143,3.896,1.06024,0.06822,0.31914,0.43372,0.11091
"Niger",2015,144,3.845,0.0694,0.19387,0.47692,0.29707,0.15639
"Cambodia",2015,145,3.819,0.46038,0.40359,0.66246,0.61114,0.07247
"Tanzania",2015,146,3.781,0.2852,0.34377,0.32878,0.38215,0.05747
"Madagascar",2015,147,3.681,0.20824,0.21333,0.19184,0.46721,0.08124
"Central African Republic",2015,148,3.678,0.0785,0.23835,0.48879,0.06699,0.08289
"Chad",2015,149,3.667,0.34193,0.18386,0.23501,0.1501,0.05269
"Guinea",2015,150,3.656,0.17417,0.28657,0.37725,0.24009,0.12139
"Ivory Coast",2015,151,3.655,0.46534,0.20165,0.46866,0.15185,0.17922
"Burkina Faso",2015,152,3.587,0.25812,0.21747,0.39493,0.27125,0.12832
"Afghanistan",2015,153,3.575,0.31982,0.3651,0.23414,0.30335,0.09719
"Rwanda",2015,154,3.465,0.22208,0.22628,0.59201,0.42864,0.55191
"Benin",2015,155,3.34,0.28665,0.1826,0.4845,0.3191,0.0801
"Syria",2015,156,3.006,0.6632,0.47179,0.15684,0.72193,0.18906
"Burundi",2015,157,2.905,0.0153,0.19727,0.1185,0.22396,0.10062
"Togo",2015,158,2.839,0.20868,0.16681,0.36453,0.28443,0.10731
"Denmark",2016,1,7.526,1.44178,0.36171,0.57941,0.79504,0.44453
"Switzerland",2016,2,7.509,1.52733,0.28083,0.58557,0.86303,0.41203
"Iceland",2016,3,7.501,1.42666,0.47678,0.56624,0.86733,0.14975
"Norway",2016,4,7.498,1.57744,0.37895,0.59609,0.79579,0.35776
"Finland",2016,5,7.413,1.40598,0.25492,0.57104,0.81091,0.41004
"Canada",2016,6,7.404,1.44015,0.44834,0.5737,0.8276,0.31329
"Netherlands",2016,7,7.339,1.46468,0.47416,0.55211,0.81231,0.29927
"New Zealand",2016,8,7.334,1.36066,0.49401,0.58147,0.83096,0.41904
"Australia",2016,9,7.313,1.44443,0.47407,0.56837,0.8512,0.32331
"Sweden",2016,10,7.291,1.45181,0.38254,0.58218,0.83121,0.40867
"Israel",2016,11,7.267,1.33766,0.32288,0.36432,0.84917,0.08728
"Austria",2016,12,7.119,1.45038,0.32865,0.54355,0.80565,0.21348
"United States",2016,13,7.104,1.50796,0.41077,0.48163,0.779,0.14868
"Costa Rica",2016,14,7.087,1.06879,0.22553,0.55225,0.76146,0.10547
"Puerto Rico",2016,15,7.039,1.35943,0.22202,0.46823,0.77758,0.12275
"Germany",2016,16,6.994,1.44787,0.30452,0.53466,0.81487,0.28551
"Brazil",2016,17,6.952,1.08754,0.15776,0.40425,0.61415,0.14166
"Belgium",2016,18,6.929,1.42539,0.2424,0.51354,0.81959,0.26248
"Ireland",2016,19,6.907,1.48341,0.44963,0.54008,0.81455,0.29754
"Luxembourg",2016,20,6.871,1.69752,0.27571,0.5487,0.84542,0.35329
"Mexico",2016,21,6.778,1.11508,0.11735,0.37709,0.71143,0.18355
"Singapore",2016,22,6.739,1.64555,0.32706,0.4877,0.94719,0.46987
"United Kingdom",2016,23,6.725,1.40283,0.50156,0.50036,0.80991,0.27399
"Chile",2016,24,6.705,1.2167,0.31595,0.37789,0.81883,0.11451
"Panama",2016,25,6.701,1.18306,0.2418,0.48927,0.70835,0.08423
"Argentina",2016,26,6.65,1.15137,0.10989,0.42284,0.69711,0.07296
"Czech Republic",2016,27,6.596,1.30915,0.09929,0.41418,0.76376,0.03986
"United Arab Emirates",2016,28,6.573,1.57352,0.26591,0.56215,0.72993,0.35561
"Uruguay",2016,29,6.545,1.18157,0.18056,0.54388,0.72183,0.21394
"Malta",2016,30,6.488,1.30782,0.56237,0.54994,0.80315,0.17554
"Colombia",2016,31,6.481,1.03032,0.15626,0.44735,0.59659,0.05399
"France",2016,32,6.478,1.39488,0.1216,0.46562,0.83795,0.17808
"Thailand",2016,33,6.474,1.0893,0.58696,0.49553,0.64915,0.02833
"Saudi Arabia",2016,34,6.379,1.48953,0.15457,0.37904,0.59267,0.30008
"Taiwan",2016,34,6.379,1.39729,0.25495,0.32377,0.79565,0.0663
"Qatar",2016,36,6.375,1.82427,0.32388,0.56679,0.71723,0.48049
"Spain",2016,37,6.361,1.34253,0.17665,0.37545,0.87896,0.06137
"Algeria",2016,38,6.355,1.05266,0.07044,0.21006,0.61804,0.16157
"Guatemala",2016,39,6.324,0.83454,0.28808,0.50379,0.54039,0.08701
"Suriname",2016,40,6.269,1.09686,0.16665,0.52234,0.50933,0.12692
"Kuwait",2016,41,6.239,1.61714,0.15965,0.43166,0.63569,0.23669
"Bahrain",2016,42,6.218,1.44024,0.17147,0.47375,0.65696,0.25772
"Trinidad and Tobago",2016,43,6.168,1.32572,0.31935,0.48453,0.52608,0.01241
"Venezuela",2016,44,6.084,1.13367,0.0425,0.19847,0.61904,0.08304
"Slovakia",2016,45,6.078,1.27973,0.13837,0.23391,0.70367,0.02947
"El Salvador",2016,46,6.068,0.8737,0.08877,0.37269,0.596,0.10613
"Malaysia",2016,47,6.005,1.25142,0.41474,0.39031,0.62366,0.09081
"Nicaragua",2016,48,5.992,0.69384,0.29773,0.46582,0.65213,0.16292
"Uzbekistan",2016,49,5.987,0.73591,0.34326,0.60848,0.50163,0.28333
"Italy",2016,50,5.977,1.35495,0.16684,0.18827,0.85102,0.02556
"Ecuador",2016,51,5.976,0.97306,0.10074,0.4027,0.68613,0.18037
"Belize",2016,52,5.956,0.87616,0.23684,0.51231,0.45569,0.10771
"Japan",2016,53,5.921,1.38007,0.10224,0.46761,0.91491,0.18985
"Kazakhstan",2016,54,5.919,1.22943,0.15011,0.4052,0.57386,0.11132
"Moldova",2016,55,5.897,0.69177,0.19997,0.25202,0.52309,0.01903
"Russia",2016,56,5.856,1.23228,0.02736,0.32682,0.58991,0.03586
"Poland",2016,57,5.835,1.24585,0.14443,0.4519,0.69058,0.055
"South Korea",2016,57,5.835,1.35948,0.18824,0.25168,0.88645,0.07716
"Bolivia",2016,59,5.822,0.79422,0.21698,0.50961,0.4697,0.07746
"Lithuania",2016,60,5.813,1.2692,0.02025,0.18929,0.64674,0.0182
"Belarus",2016,61,5.802,1.13062,0.13942,0.29091,0.63104,0.17457
"North Cyprus",2016,62,5.771,1.31141,0.26322,0.43596,0.84142,0.16578
"Slovenia",2016,63,5.768,1.29947,0.25738,0.53164,0.79151,0.03635
"Peru",2016,64,5.743,0.99602,0.14527,0.37502,0.62994,0.05292
"Turkmenistan",2016,65,5.658,1.08017,0.22567,0.37408,0.44006,0.28467
"Mauritius",2016,66,5.648,1.14372,0.36951,0.46145,0.66189,0.05203
"Libya",2016,67,5.615,1.06688,0.17087,0.40672,0.52304,0.10339
"Latvia",2016,68,5.56,1.21788,0.17445,0.27996,0.63952,0.0889
"Cyprus",2016,69,5.546,1.31857,0.27906,0.29507,0.8488,0.05228
"Paraguay",2016,70,5.538,0.89373,0.25296,0.46235,0.58295,0.07396
"Romania",2016,71,5.528,1.1697,0.12889,0.36712,0.67602,0.00679
"Estonia",2016,72,5.517,1.27964,0.08423,0.41511,0.68098,0.18519
"Jamaica",2016,73,5.51,0.89333,0.22245,0.43597,0.59469,0.04294
"Croatia",2016,74,5.488,1.18649,0.18434,0.23907,0.70524,0.04002
"Hong Kong",2016,75,5.458,1.5107,0.40097,0.48079,0.95277,0.31647
"Somalia",2016,76,5.44,0,0.27225,0.56778,0.11466,0.3118
"Kosovo",2016,77,5.401,0.90145,0.27992,0.14396,0.54,0.06547
"Turkey",2016,78,5.389,1.16492,0.04707,0.23889,0.64718,0.12348
"Indonesia",2016,79,5.314,0.95104,0.56521,0.39237,0.49374,0.00322
"Jordan",2016,80,5.303,0.99673,0.14262,0.36023,0.60712,0.13297
"Azerbaijan",2016,81,5.291,1.12373,0.0564,0.35327,0.54504,0.17914
"Philippines",2016,82,5.279,0.81217,0.21674,0.54854,0.47036,0.11757
"China",2016,83,5.245,1.0278,0.04959,0.44012,0.73561,0.02745
"Bhutan",2016,84,5.196,0.8527,0.48546,0.46074,0.49759,0.1616
"Kyrgyzstan",2016,85,5.185,0.56044,0.38432,0.40212,0.55449,0.04762
"Serbia",2016,86,5.177,1.03437,0.20737,0.15718,0.6458,0.04339
"Bosnia and Herzegovina",2016,87,5.163,0.93383,0.29889,0.09511,0.70766,0
"Montenegro",2016,88,5.161,1.07838,0.17191,0.15111,0.63533,0.12721
"Dominican Republic",2016,89,5.155,1.02787,0.21286,0.52259,0.57669,0.12372
"Morocco",2016,90,5.151,0.84058,0.04053,0.25646,0.59471,0.08404
"Hungary",2016,91,5.145,1.24142,0.099,0.1977,0.67608,0.04472
"Pakistan",2016,92,5.132,0.68816,0.31185,0.14622,0.40306,0.1388
"Lebanon",2016,93,5.129,1.12268,0.23693,0.26228,0.76171,0.03061
"Portugal",2016,94,5.123,1.27607,0.11691,0.44727,0.79363,0.01521
"Macedonia",2016,95,5.121,1.0193,0.23507,0.27668,0.64738,0.07047
"Vietnam",2016,96,5.061,0.74037,0.25075,0.55954,0.66157,0.11556
"Somaliland Region",2016,97,5.057,0.25558,0.51479,0.3913,0.33108,0.36794
"Tunisia",2016,98,5.045,0.97724,0.03936,0.23553,0.59577,0.0817
"Greece",2016,99,5.033,1.24886,0,0.05822,0.80029,0.04127
"Tajikistan",2016,100,4.996,0.48835,0.25998,0.43408,0.53119,0.13509
"Mongolia",2016,101,4.907,0.98853,0.34539,0.35972,0.55469,0.03285
"Laos",2016,102,4.876,0.68042,0.43079,0.52168,0.38291,0.22423
"Nigeria",2016,103,4.875,0.75216,0.23219,0.27854,0.05108,0.0305
"Honduras",2016,104,4.871,0.69429,0.2044,0.26755,0.58383,0.06906
"Iran",2016,105,4.813,1.11758,0.38538,0.22544,0.64232,0.0557
"Zambia",2016,106,4.795,0.61202,0.17866,0.42662,0.23573,0.11479
"Nepal",2016,107,4.793,0.44626,0.3816,0.37012,0.50073,0.07008
"Palestinian Territories",2016,108,4.754,0.67024,0.11154,0.17744,0.56844,0.10613
"Albania",2016,109,4.655,0.9553,0.1684,0.31866,0.73007,0.05301
"Bangladesh",2016,110,4.643,0.54177,0.19132,0.39778,0.52989,0.12583
"Sierra Leone",2016,111,4.635,0.36485,0.23897,0.30685,0,0.08196
"Iraq",2016,112,4.575,1.07474,0.19589,0.24856,0.51076,0.13636
"Namibia",2016,113,4.574,0.93287,0.07795,0.48614,0.34745,0.10398
"Cameroon",2016,114,4.513,0.52497,0.2268,0.42736,0.12698,0.06126
"Ethiopia",2016,115,4.508,0.29283,0.29522,0.36703,0.34578,0.1717
"South Africa",2016,116,4.459,1.02416,0.13656,0.42483,0.18611,0.08415
"Sri Lanka",2016,117,4.415,0.97318,0.46978,0.50817,0.62007,0.07964
"India",2016,118,4.404,0.74036,0.25028,0.40285,0.45091,0.08722
"Myanmar",2016,119,4.395,0.34112,0.81971,0.42692,0.3988,0.20243
"Egypt",2016,120,4.362,0.95395,0.12706,0.18847,0.52116,0.10393
"Armenia",2016,121,4.36,0.86086,0.07793,0.14037,0.64083,0.03616
"Kenya",2016,122,4.356,0.52267,0.41328,0.40576,0.30147,0.06686
"Ukraine",2016,123,4.324,0.87287,0.20363,0.12859,0.58628,0.01829
"Ghana",2016,124,4.276,0.63107,0.21203,0.40973,0.29681,0.0326
"Congo (Kinshasa)",2016,125,4.272,0.05661,0.25458,0.15602,0.188,0.06075
"Georgia",2016,126,4.252,0.83792,0.06786,0.32461,0.64035,0.3188
"Congo (Brazzaville)",2016,127,4.236,0.77109,0.12077,0.37938,0.28212,0.09753
"Senegal",2016,128,4.219,0.44314,0.19103,0.31056,0.40457,0.11681
"Bulgaria",2016,129,4.217,1.11306,0.12793,0.21219,0.67806,0.00615
"Mauritania",2016,130,4.201,0.61391,0.22686,0.1268,0.28639,0.17955
"Zimbabwe",2016,131,4.193,0.35041,0.18503,0.25429,0.1595,0.08582
"Malawi",2016,132,4.156,0.08709,0.30968,0.4143,0.29364,0.07564
"Sudan",2016,133,4.139,0.63069,0.18077,0,0.29759,0.10039
"Gabon",2016,134,4.121,1.15851,0.06244,0.28098,0.3494,0.09314
"Mali",2016,135,4.073,0.31292,0.21064,0.27544,0.16347,0.13647
"Haiti",2016,136,4.028,0.34097,0.47958,0.12072,0.27494,0.14476
"Botswana",2016,137,3.974,1.09426,0.12425,0.44089,0.34752,0.10769
"Comoros",2016,138,3.956,0.27509,0.1827,0.15412,0.29981,0.18437
"Ivory Coast",2016,139,3.916,0.55507,0.20338,0.40663,0.04476,0.1553
"Cambodia",2016,140,3.907,0.55604,0.40339,0.58852,0.42494,0.08092
"Angola",2016,141,3.866,0.84731,0.12071,0.00589,0.04991,0.08434
"Niger",2016,142,3.856,0.1327,0.2097,0.38041,0.26162,0.17176
"South Sudan",2016,143,3.832,0.39394,0.25899,0.19662,0.15781,0.13015
"Chad",2016,144,3.763,0.42214,0.18667,0.12807,0.03824,0.04952
"Burkina Faso",2016,145,3.739,0.31995,0.24353,0.3337,0.21297,0.12533
"Uganda",2016,145,3.739,0.34719,0.27102,0.43653,0.19625,0.06442
"Yemen",2016,147,3.724,0.57939,0.09821,0.2287,0.31048,0.05892
"Madagascar",2016,148,3.695,0.27954,0.2204,0.13684,0.37109,0.07506
"Tanzania",2016,149,3.666,0.47155,0.31472,0.3176,0.357,0.05099
"Liberia",2016,150,3.622,0.10706,0.24063,0.25748,0.23165,0.04852
"Guinea",2016,151,3.607,0.22415,0.29914,0.30953,0.18829,0.1192
"Rwanda",2016,152,3.515,0.32846,0.23552,0.5432,0.31865,0.50521
"Benin",2016,153,3.484,0.39499,0.2018,0.39747,0.21028,0.06681
"Afghanistan",2016,154,3.36,0.38227,0.31268,0.1643,0.17344,0.07112
"Togo",2016,155,3.303,0.28123,0.17517,0.34678,0.24811,0.11587
"Syria",2016,156,3.069,0.74719,0.48397,0.06912,0.62994,0.17233
"Burundi",2016,157,2.905,0.06831,0.2029,0.0432,0.15747,0.09419
"Norway",2017,1,7.537000179,1.616463184,0.362012237,0.635422587,0.796666503,0.315963835
"Denmark",2017,2,7.521999836,1.482383013,0.355280489,0.626006722,0.792565525,0.400770068
"Iceland",2017,3,7.504000187,1.48063302,0.475540221,0.627162635,0.833552122,0.153526559
"Switzerland",2017,4,7.493999958,1.564979553,0.290549278,0.620070577,0.858131289,0.367007285
"Finland",2017,5,7.468999863,1.443571925,0.245482773,0.617950857,0.80915767,0.382611543
"Netherlands",2017,6,7.376999855,1.503944635,0.47048983,0.585384488,0.810696125,0.282661825
"Canada",2017,7,7.315999985,1.479204416,0.435539722,0.611100912,0.834557652,0.287371516
"New Zealand",2017,8,7.31400013,1.405706048,0.500005126,0.61406213,0.816759706,0.382816702
"Sweden",2017,9,7.28399992,1.494387269,0.385399252,0.612924099,0.830875158,0.384398729
"Australia",2017,10,7.28399992,1.484414935,0.47769925,0.601607382,0.843886793,0.30118373
"Israel",2017,11,7.212999821,1.375382423,0.330082655,0.405988604,0.838404,0.0852421
"Costa Rica",2017,12,7.078999996,1.109706283,0.214613229,0.58013165,0.759509265,0.100106589
"Austria",2017,13,7.006000042,1.487097263,0.316472322,0.56776619,0.815328419,0.221060365
"United States",2017,14,6.993000031,1.546259284,0.392578781,0.505740523,0.774286628,0.135638788
"Ireland",2017,15,6.977000237,1.535706639,0.427858323,0.573110342,0.809782624,0.298388153
"Germany",2017,16,6.951000214,1.487923384,0.33626917,0.562511384,0.798950732,0.276731938
"Belgium",2017,17,6.890999794,1.463780761,0.231503338,0.539770722,0.818091869,0.251343131
"Luxembourg",2017,18,6.862999916,1.741943598,0.283180982,0.596627891,0.845089495,0.318834424
"United Kingdom",2017,19,6.714000225,1.44163394,0.492774159,0.508190036,0.805335939,0.265428066
"Chile",2017,20,6.65199995,1.25278461,0.326662421,0.376895279,0.819479704,0.082287982
"United Arab Emirates",2017,21,6.647999763,1.626343369,0.360941947,0.60834527,0.726798236,0.324489564
"Brazil",2017,22,6.635000229,1.10735321,0.162349895,0.437453747,0.616552353,0.111092761
"Czech Republic",2017,23,6.609000206,1.352682352,0.088106759,0.490946174,0.754444003,0.036872927
"Argentina",2017,24,6.598999977,1.185295463,0.109457061,0.494519204,0.695137084,0.059739888
"Mexico",2017,25,6.578000069,1.153183818,0.120990433,0.412730008,0.709978998,0.132774115
"Singapore",2017,26,6.572000027,1.69227767,0.345965981,0.549840569,0.949492395,0.464307785
"Malta",2017,27,6.52699995,1.343279839,0.574730575,0.588767052,0.821944237,0.153066069
"Uruguay",2017,28,6.453999996,1.217559695,0.175096929,0.579392254,0.719216824,0.178061873
"Guatemala",2017,29,6.453999996,0.872001946,0.283488393,0.531310618,0.54023999,0.077223279
"Panama",2017,30,6.452000141,1.233748436,0.210556939,0.550026834,0.706156135,0.070983924
"France",2017,31,6.441999912,1.430923462,0.129762307,0.470222116,0.844465852,0.172502428
"Thailand",2017,32,6.423999786,1.127868772,0.57212311,0.580200732,0.647239029,0.031612735
"Taiwan Province of China",2017,33,6.421999931,1.433626533,0.258360475,0.361466587,0.793984234,0.063829236
"Spain",2017,34,6.402999878,1.384397864,0.190133572,0.40878123,0.8889606,0.070914097
"Qatar",2017,35,6.375,1.870765686,0.33047387,0.604130983,0.710098088,0.439299256
"Colombia",2017,36,6.356999874,1.070622325,0.149014473,0.477487415,0.595027924,0.046668742
"Saudi Arabia",2017,37,6.343999863,1.530623555,0.147616014,0.449750572,0.59014833,0.273432255
"Trinidad and Tobago",2017,38,6.168000221,1.361355901,0.325296462,0.518630743,0.519983292,0.008964816
"Kuwait",2017,39,6.105000019,1.632952452,0.228289798,0.496337593,0.632105708,0.21515955
"Slovakia",2017,40,6.09800005,1.325393558,0.136544481,0.295817465,0.712732911,0.024210852
"Bahrain",2017,41,6.086999893,1.488412261,0.172668487,0.536746919,0.653133035,0.25704217
"Malaysia",2017,42,6.084000111,1.29121542,0.41660893,0.402264982,0.618784428,0.065600708
"Nicaragua",2017,43,6.071000099,0.737299204,0.301674217,0.447551847,0.653095961,0.130687982
"Ecuador",2017,44,6.007999897,1.000820398,0.150112465,0.455198199,0.685636222,0.140134647
"El Salvador",2017,45,6.002999783,0.909784496,0.078257985,0.43245253,0.596018553,0.08998096
"Poland",2017,46,5.97300005,1.291787863,0.158465967,0.520342112,0.699475348,0.059307806
"Uzbekistan",2017,47,5.971000195,0.786441088,0.415983647,0.658248663,0.498272628,0.246528223
"Italy",2017,48,5.964000225,1.395066619,0.172789648,0.256450713,0.853144348,0.028028091
"Russia",2017,49,5.962999821,1.281778097,0.052263822,0.373783112,0.547349334,0.032962881
"Belize",2017,50,5.955999851,0.907975316,0.240015641,0.547509372,0.450191766,0.096581072
"Japan",2017,51,5.920000076,1.416915178,0.120572768,0.505625546,0.913475871,0.163760737
"Lithuania",2017,52,5.90199995,1.314582348,0.010164657,0.234231785,0.62894994,0.011865643
"Algeria",2017,53,5.872000217,1.091864467,0.069436647,0.233335808,0.617584646,0.14609611
"Latvia",2017,54,5.849999905,1.260748625,0.153074786,0.325707912,0.638566971,0.073842727
"South Korea",2017,55,5.837999821,1.401678443,0.206674367,0.257921666,0.900214076,0.063282669
"Moldova",2017,56,5.837999821,0.72887063,0.208779126,0.240729049,0.589465201,0.010091286
"Romania",2017,57,5.824999809,1.217683911,0.133519918,0.457003742,0.685158312,0.004387901
"Bolivia",2017,58,5.822999954,0.833756566,0.225560725,0.558732927,0.47363025,0.060477726
"Turkmenistan",2017,59,5.822000027,1.130776763,0.249924988,0.418271929,0.43772608,0.25927034
"Kazakhstan",2017,60,5.818999767,1.28455627,0.201964423,0.437454283,0.606041551,0.119282886
"North Cyprus",2017,61,5.809999943,1.346911311,0.266845703,0.471203625,0.834647238,0.155353352
"Slovenia",2017,62,5.757999897,1.341205955,0.242649093,0.572575808,0.790828228,0.045128979
"Peru",2017,63,5.715000153,1.035225272,0.126819715,0.450002879,0.630166113,0.047049087
"Mauritius",2017,64,5.629000187,1.189395547,0.360933751,0.491247326,0.638007462,0.042181555
"Cyprus",2017,65,5.620999813,1.355938077,0.271254301,0.355111539,0.844714701,0.041237976
"Estonia",2017,66,5.611000061,1.32087934,0.098890811,0.47913143,0.695168316,0.183248922
"Belarus",2017,67,5.568999767,1.15655756,0.155137509,0.295400262,0.637714267,0.156313822
"Libya",2017,68,5.525000095,1.101803064,0.152073666,0.46573323,0.52016902,0.09261021
"Turkey",2017,69,5.5,1.198274374,0.046693042,0.3007406,0.637605608,0.09967158
"Paraguay",2017,70,5.493000031,0.932537317,0.224150658,0.473507792,0.579250693,0.091065913
"Hong Kong S.A.R., China",2017,71,5.472000122,1.551674843,0.374465793,0.490968645,0.943062425,0.293933749
"Philippines",2017,72,5.429999828,0.857699215,0.193513423,0.585214674,0.468009055,0.099331893
"Serbia",2017,73,5.394999981,1.069317579,0.220125884,0.208715528,0.650784671,0.040903781
"Jordan",2017,74,5.335999966,0.991012394,0.17217046,0.418421149,0.604590058,0.119803272
"Hungary",2017,75,5.323999882,1.286011934,0.078401662,0.175863519,0.687763453,0.036636937
"Jamaica",2017,76,5.31099987,0.925579309,0.233818337,0.474307239,0.641022384,0.055267781
"Croatia",2017,77,5.293000221,1.222556233,0.248002976,0.255772293,0.701288521,0.04310311
"Kosovo",2017,78,5.278999805,0.951484382,0.319931448,0.260287941,0.54145205,0.057471618
"China",2017,79,5.272999763,1.081165791,0.028806841,0.472787708,0.741415501,0.022794275
"Pakistan",2017,80,5.269000053,0.726883531,0.315446019,0.235215262,0.402047783,0.124348067
"Indonesia",2017,81,5.262000084,0.995538592,0.611704588,0.443323463,0.492345721,0.015317135
"Venezuela",2017,82,5.25,1.128431201,0.06501963,0.153997123,0.617144227,0.064491123
"Montenegro",2017,83,5.236999989,1.121129036,0.197911024,0.194989055,0.667464674,0.088174194
"Morocco",2017,84,5.235000134,0.878114581,0.032209955,0.408158332,0.597710669,0.087763183
"Azerbaijan",2017,85,5.234000206,1.153601766,0.04526934,0.398155838,0.540775776,0.180987507
"Dominican Republic",2017,86,5.230000019,1.079373837,0.18696785,0.552589834,0.574873745,0.113945253
"Greece",2017,87,5.227000237,1.289487481,0,0.095731251,0.810198903,0.043289777
"Lebanon",2017,88,5.224999905,1.074987531,0.264450759,0.288515985,0.735081077,0.03751383
"Portugal",2017,89,5.195000172,1.315175295,0.095102713,0.4984653,0.795843542,0.015869452
"Bosnia and Herzegovina",2017,90,5.18200016,0.982409418,0.328867495,0.204403177,0.705186307,0
"Honduras",2017,91,5.181000233,0.730573118,0.236188874,0.34807986,0.58256948,0.073345453
"Macedonia",2017,92,5.175000191,1.064577937,0.253760964,0.325905979,0.644948184,0.060277794
"Somalia",2017,93,5.151000023,0.022643184,0.291631311,0.602126956,0.113989137,0.282410324
"Vietnam",2017,94,5.073999882,0.788547575,0.234968051,0.571055591,0.652168989,0.087633237
"Nigeria",2017,95,5.073999882,0.783756256,0.230947196,0.394952565,0.05691573,0.026121566
"Tajikistan",2017,96,5.040999889,0.524713635,0.248997644,0.471566707,0.529235125,0.146377146
"Bhutan",2017,97,5.011000156,0.885416389,0.474054545,0.501537681,0.495879292,0.17338039
"Kyrgyzstan",2017,98,5.004000187,0.596220076,0.428580374,0.454943389,0.553457797,0.039439179
"Nepal",2017,99,4.961999893,0.479820192,0.394096166,0.440305948,0.504130781,0.072975546
"Mongolia",2017,100,4.954999924,1.027235866,0.33846423,0.394143969,0.557783484,0.032902289
"South Africa",2017,101,4.828999996,1.054698706,0.13936238,0.479246736,0.18708007,0.072509497
"Tunisia",2017,102,4.804999828,1.007265806,0.049693357,0.28968069,0.613212049,0.086723149
"Palestinian Territories",2017,103,4.775000095,0.716249228,0.114173174,0.254711062,0.565666974,0.089282602
"Egypt",2017,104,4.735000134,0.989701807,0.128631443,0.282110155,0.520187259,0.114381365
"Bulgaria",2017,105,4.714000225,1.161459088,0.113177694,0.289231718,0.70821768,0.011051531
"Sierra Leone",2017,106,4.709000111,0.368420929,0.293040901,0.318697691,0.005564754,0.071095176
"Cameroon",2017,107,4.695000172,0.564305365,0.236298457,0.430388749,0.132892117,0.051306631
"Iran",2017,108,4.691999912,1.156873107,0.387242913,0.249322608,0.639333189,0.048761073
"Albania",2017,109,4.644000053,0.996192753,0.201312944,0.381498635,0.731159747,0.039864216
"Bangladesh",2017,110,4.607999802,0.586682975,0.172255352,0.478356659,0.533241034,0.123717859
"Namibia",2017,111,4.573999882,0.964434326,0.077133745,0.520303547,0.338611811,0.093146972
"Kenya",2017,112,4.552999973,0.560479462,0.444860309,0.452763766,0.30998835,0.064641319
"Mozambique",2017,113,4.550000191,0.23430565,0.322228104,0.480791092,0.106654435,0.179436386
"Myanmar",2017,114,4.545000076,0.36711055,0.838075161,0.514492035,0.397522569,0.188816205
"Senegal",2017,115,4.534999847,0.479309022,0.183468893,0.377922267,0.409362853,0.115460448
"Zambia",2017,116,4.513999939,0.636406779,0.249580145,0.461603492,0.257835895,0.07821355
"Iraq",2017,117,4.497000217,1.102710485,0.199637264,0.288555533,0.50118047,0.107215755
"Gabon",2017,118,4.465000153,1.198210239,0.043785378,0.312328577,0.356578588,0.076046787
"Ethiopia",2017,119,4.460000038,0.339233845,0.31265074,0.408842742,0.353409708,0.165455714
"Sri Lanka",2017,120,4.440000057,1.009850144,0.490863562,0.561213255,0.625130832,0.073653966
"Armenia",2017,121,4.375999928,0.900596738,0.083488092,0.198303267,0.637524426,0.026674422
"India",2017,122,4.315000057,0.792221248,0.231538489,0.469987005,0.455427617,0.092226885
"Mauritania",2017,123,4.291999817,0.648457289,0.201870024,0.096098043,0.28534928,0.136957005
"Congo (Brazzaville)",2017,124,4.290999889,0.808964252,0.120852128,0.435025871,0.289957434,0.079618134
"Georgia",2017,125,4.285999775,0.950612664,0.054008815,0.309410036,0.649546981,0.251666635
"Congo (Kinshasa)",2017,126,4.28000021,0.092102349,0.246455833,0.235961348,0.191407025,0.060241356
"Mali",2017,127,4.190000057,0.476180494,0.183354199,0.306613743,0.169365674,0.104970247
"Ivory Coast",2017,128,4.179999828,0.603048921,0.20123747,0.447706193,0.04864217,0.130061775
"Cambodia",2017,129,4.168000221,0.601765096,0.385922968,0.633375823,0.429783404,0.068105951
"Sudan",2017,130,4.138999939,0.659516692,0.182317451,0.014995855,0.290920824,0.08984752
"Ghana",2017,131,4.119999886,0.667224824,0.256923944,0.423026294,0.295637727,0.02533637
"Ukraine",2017,132,4.096000195,0.894651949,0.270061463,0.122974776,0.575903952,0.023029471
"Uganda",2017,133,4.080999851,0.381430715,0.325766057,0.443185955,0.217632607,0.057069719
"Burkina Faso",2017,134,4.032000065,0.350227714,0.250864685,0.324367851,0.215844259,0.120328106
"Niger",2017,135,4.027999878,0.161925331,0.228673846,0.363658696,0.268505007,0.138572946
"Malawi",2017,136,3.970000029,0.233442038,0.28717047,0.466914654,0.315089583,0.072711654
"Chad",2017,137,3.936000109,0.438012987,0.21611385,0.162342027,0.041134715,0.053581882
"Zimbabwe",2017,138,3.875,0.375846535,0.189143494,0.336384207,0.196763754,0.095375381
"Lesotho",2017,139,3.808000088,0.521021247,0.157497272,0.390661299,0,0.11909464
"Angola",2017,140,3.795000076,0.85842818,0.09792649,0,0.049868666,0.069720335
"Afghanistan",2017,141,3.79399991,0.401477218,0.311870933,0.10617952,0.180746779,0.06115783
"Botswana",2017,142,3.766000032,1.122094154,0.099348448,0.505196333,0.341755509,0.098583199
"Benin",2017,143,3.657000065,0.431085408,0.207948461,0.425962776,0.209930211,0.060929015
"Madagascar",2017,144,3.644000053,0.305808693,0.20873253,0.189196765,0.375223309,0.067231975
"Haiti",2017,145,3.602999926,0.368610263,0.489203781,0.030369857,0.27732113,0.09987215
"Yemen",2017,146,3.592999935,0.591683447,0.104125209,0.249463722,0.310080916,0.056767423
"South Sudan",2017,147,3.59100008,0.397248626,0.285670817,0.147062436,0.163486004,0.116793513
"Liberia",2017,148,3.532999992,0.119041793,0.266549885,0.332881182,0.229918197,0.038948249
"Guinea",2017,149,3.506999969,0.24454993,0.264815092,0.348587513,0.194129139,0.110937618
"Togo",2017,150,3.494999886,0.305444717,0.196896151,0.380426139,0.247105569,0.095665015
"Rwanda",2017,151,3.470999956,0.368745893,0.252756029,0.581843853,0.326424807,0.455220014
"Syria",2017,152,3.461999893,0.777153134,0.493663728,0.081539445,0.500533342,0.151347131
"Tanzania",2017,153,3.348999977,0.511135876,0.354256362,0.390017778,0.364509284,0.066035107
"Burundi",2017,154,2.904999971,0.091622569,0.204435185,0.059900753,0.151610792,0.084147945
"Central African Republic",2017,155,2.693000078,0,0.280876487,0.270842046,0.018772686,0.056565076
"Finland",2018,1,7.632,1.305,0.202,0.681,0.874,0.393
"Norway",2018,2,7.594,1.456,0.286,0.686,0.861,0.34
"Denmark",2018,3,7.555,1.351,0.284,0.683,0.868,0.408
"Iceland",2018,4,7.495,1.343,0.353,0.677,0.914,0.138
"Switzerland",2018,5,7.487,1.42,0.256,0.66,0.927,0.357
"Netherlands",2018,6,7.441,1.361,0.333,0.638,0.878,0.295
"Canada",2018,7,7.328,1.33,0.321,0.653,0.896,0.291
"New Zealand",2018,8,7.324,1.268,0.365,0.669,0.876,0.389
"Sweden",2018,9,7.314,1.355,0.285,0.659,0.913,0.383
"Australia",2018,10,7.272,1.34,0.361,0.647,0.91,0.302
"United Kingdom",2018,11,7.19,1.244,0.262,0.464,0.888,0.082
"Austria",2018,12,7.139,1.341,0.242,0.617,0.891,0.224
"Costa Rica",2018,13,7.072,1.01,0.143,0.632,0.817,0.101
"Ireland",2018,14,6.977,1.448,0.307,0.614,0.876,0.306
"Germany",2018,15,6.965,1.34,0.273,0.586,0.861,0.28
"Belgium",2018,16,6.927,1.324,0.188,0.583,0.894,0.24
"Luxembourg",2018,17,6.91,1.576,0.196,0.632,0.896,0.321
"United States",2018,18,6.886,1.398,0.291,0.547,0.819,0.133
"Israel",2018,19,6.814,1.301,0.354,0.533,0.883,0.272
"United Arab Emirates",2018,20,6.774,2.096,0.186,0.284,0.67,NA
"Czech Republic",2018,21,6.711,1.233,0.064,0.543,0.854,0.034
"Malta",2018,22,6.627,1.27,0.376,0.645,0.884,0.142
"France",2018,23,6.489,1.293,0.098,0.52,0.908,0.176
"Mexico",2018,24,6.488,1.038,0.069,0.479,0.761,0.095
"Chile",2018,25,6.476,1.131,0.197,0.431,0.808,0.061
"Taiwan",2018,26,6.441,1.365,0.151,0.418,0.857,0.078
"Panama",2018,27,6.43,1.112,0.125,0.597,0.759,0.063
"Brazil",2018,28,6.419,0.986,0.11,0.493,0.675,0.088
"Argentina",2018,29,6.388,1.073,0.062,0.57,0.744,0.054
"Guatemala",2018,30,6.382,0.781,0.179,0.604,0.608,0.071
"Uruguay",2018,31,6.379,1.093,0.13,0.625,0.771,0.155
"Qatar",2018,32,6.374,1.649,0.256,0.654,0.748,0.171
"Saudi Arabia",2018,33,6.371,1.379,0.098,0.509,0.633,0.127
"Singapore",2018,34,6.343,1.529,0.261,0.631,1.008,0.457
"Malaysia",2018,35,6.322,1.161,0.311,0.356,0.669,0.059
"Spain",2018,36,6.31,1.251,0.142,0.449,0.965,0.074
"Colombia",2018,37,6.26,0.96,0.099,0.531,0.635,0.039
"Trinidad & Tobago",2018,38,6.192,1.223,0.171,0.575,0.564,0.019
"Slovakia",2018,39,6.173,1.21,0.118,0.354,0.776,0.014
"El Salvador",2018,40,6.167,0.806,0.065,0.461,0.639,0.082
"Nicaragua",2018,41,6.141,0.668,0.208,0.527,0.7,0.128
"Poland",2018,42,6.123,1.176,0.108,0.546,0.781,0.064
"Bahrain",2018,43,6.105,1.338,0.243,0.594,0.698,0.123
"Uzbekistan",2018,44,6.096,0.719,0.328,0.724,0.605,0.259
"Kuwait",2018,45,6.083,1.474,0.167,0.554,0.675,0.106
"Thailand",2018,46,6.072,1.016,0.364,0.637,0.707,0.029
"Italy",2018,47,6,1.264,0.137,0.281,0.946,0.028
"Ecuador",2018,48,5.973,0.889,0.114,0.556,0.736,0.12
"Belize",2018,49,5.956,0.807,0.183,0.593,0.474,0.089
"Lithuania",2018,50,5.952,1.197,0.026,0.35,0.716,0.006
"Slovenia",2018,51,5.948,1.219,0.16,0.633,0.856,0.051
"Romania",2018,52,5.945,1.116,0.088,0.528,0.726,0.001
"Latvia",2018,53,5.933,1.148,0.092,0.363,0.671,0.066
"Japan",2018,54,5.915,1.294,0.079,0.553,0.988,0.15
"Mauritius",2018,55,5.891,1.09,0.245,0.584,0.684,0.05
"Jamaica",2018,56,5.89,0.819,0.096,0.575,0.693,0.031
"South Korea",2018,57,5.875,1.266,0.175,0.244,0.955,0.051
"Northern Cyprus",2018,58,5.835,1.229,0.179,0.495,0.909,0.154
"Russia",2018,59,5.81,1.151,0.065,0.399,0.599,0.025
"Kazakhstan",2018,60,5.79,1.143,0.148,0.454,0.631,0.121
"Cyprus",2018,61,5.762,1.229,0.202,0.423,0.909,0.035
"Bolivia",2018,62,5.752,0.751,0.141,0.606,0.508,0.054
"Estonia",2018,63,5.739,1.2,0.086,0.553,0.737,0.174
"Paraguay",2018,64,5.681,0.835,0.162,0.541,0.615,0.074
"Peru",2018,65,5.663,0.934,0.092,0.53,0.674,0.034
"Kosovo",2018,66,5.662,0.855,0.274,0.448,0.578,0.023
"Moldova",2018,67,5.64,0.657,0.171,0.232,0.62,0
"Turkmenistan",2018,68,5.636,1.016,0.199,0.417,0.517,0.037
"Hungary",2018,69,5.62,1.171,0.061,0.259,0.732,0.022
"Libya",2018,70,5.566,0.985,0.116,0.496,0.553,0.148
"Philippines",2018,71,5.524,0.775,0.12,0.643,0.513,0.105
"Honduras",2018,72,5.504,0.62,0.197,0.459,0.622,0.074
"Belarus",2018,73,5.483,1.039,0.101,0.307,0.7,0.154
"Turkey",2018,74,5.483,1.148,0.106,0.324,0.686,0.109
"Pakistan",2018,75,5.472,0.652,0.216,0.334,0.424,0.113
"Hong Kong",2018,76,5.43,1.405,0.246,0.524,1.03,0.291
"Portugal",2018,77,5.41,1.188,0.055,0.562,0.884,0.017
"Serbia",2018,78,5.398,0.975,0.134,0.288,0.685,0.043
"Greece",2018,79,5.358,1.154,0,0.131,0.879,0.044
"Lebanon",2018,80,5.358,0.965,0.214,0.503,0.785,0.136
"Montenegro",2018,81,5.347,1.017,0.111,0.259,0.729,0.081
"Croatia",2018,82,5.321,1.115,0.12,0.38,0.737,0.039
"Dominican Republic",2018,83,5.302,0.982,0.12,0.578,0.614,0.106
"Algeria",2018,84,5.295,0.979,0.055,0.077,0.687,0.135
"Morocco",2018,85,5.254,0.779,0.026,0.46,0.669,0.074
"China",2018,86,5.246,0.989,0.029,0.597,0.799,0.103
"Azerbaijan",2018,87,5.201,1.024,0.031,0.43,0.603,0.176
"Tajikistan",2018,88,5.199,0.474,0.187,0.292,0.598,0.034
"Macedonia",2018,89,5.185,0.959,0.173,0.394,0.691,0.052
"Jordan",2018,90,5.161,0.822,0.13,0.468,0.645,0.134
"Nigeria",2018,91,5.155,0.689,0.201,0.462,0.048,0.032
"Kyrgyzstan",2018,92,5.131,0.53,0.281,0.54,0.594,0.035
"Bosnia and Herzegovina",2018,93,5.129,0.915,0.216,0.28,0.758,0
"Mongolia",2018,94,5.125,0.914,0.253,0.395,0.575,0.032
"Vietnam",2018,95,5.103,0.715,0.177,0.618,0.702,0.079
"Indonesia",2018,96,5.093,0.899,0.484,0.538,0.522,0.018
"Bhutan",2018,97,5.082,0.796,0.364,0.541,0.527,0.171
"Somalia",2018,98,4.982,0,0.238,0.674,0.115,0.282
"Cameroon",2018,99,4.975,0.535,0.183,0.454,0.182,0.043
"Bulgaria",2018,100,4.933,1.054,0.064,0.359,0.712,0.009
"Nepal",2018,101,4.88,0.425,0.302,0.526,0.539,0.078
"Venezuela",2018,102,4.806,0.996,0.056,0.133,0.657,0.052
"Gabon",2018,103,4.758,1.036,0.032,0.356,0.404,0.052
"Palestinian Territories",2018,104,4.743,0.642,0.086,0.266,0.602,0.076
"South Africa",2018,105,4.724,0.94,0.103,0.516,0.33,0.056
"Iran",2018,106,4.707,1.059,0.282,0.459,0.691,0.129
"Ivory Coast",2018,107,4.671,0.541,0.146,0.467,0.08,0.103
"Ghana",2018,108,4.657,0.592,0.212,0.499,0.337,0.029
"Senegal",2018,109,4.631,0.429,0.138,0.406,0.433,0.082
"Laos",2018,110,4.623,0.72,0.23,0.626,0.441,0.174
"Tunisia",2018,111,4.592,0.9,0.04,0.271,0.69,0.063
"Albania",2018,112,4.586,0.916,0.149,0.419,0.79,0.032
"Sierra Leone",2018,113,4.571,0.256,0.238,0.355,0,0.053
"Congo (Brazzaville)",2018,114,4.559,0.682,0.091,0.514,0.343,0.077
"Bangladesh",2018,115,4.5,0.532,0.153,0.58,0.579,0.144
"Sri Lanka",2018,116,4.471,0.918,0.307,0.585,0.672,0.05
"Iraq",2018,117,4.456,1.01,0.148,0.304,0.536,0.095
"Mali",2018,118,4.447,0.37,0.139,0.367,0.152,0.056
"Namibia",2018,119,4.441,0.874,0.051,0.519,0.365,0.064
"Cambodia",2018,120,4.433,0.549,0.256,0.696,0.457,0.065
"Burkina Faso",2018,121,4.424,0.314,0.175,0.312,0.254,0.128
"Egypt",2018,122,4.419,0.885,0.092,0.312,0.553,0.107
"Mozambique",2018,123,4.417,0.198,0.206,0.531,0.173,0.158
"Kenya",2018,124,4.41,0.493,0.352,0.504,0.454,0.055
"Zambia",2018,125,4.377,0.562,0.221,0.503,0.295,0.082
"Mauritania",2018,126,4.356,0.557,0.134,0.129,0.292,0.093
"Ethiopia",2018,127,4.35,0.308,0.22,0.452,0.391,0.146
"Georgia",2018,128,4.34,0.853,0.038,0.375,0.643,0.215
"Armenia",2018,129,4.321,0.816,0.077,0.26,0.666,0.028
"Myanmar",2018,130,4.308,0.682,0.598,0.58,0.429,0.178
"Chad",2018,131,4.301,0.358,0.181,0.189,0.053,0.06
"Congo (Kinshasa)",2018,132,4.245,0.069,0.197,0.312,0.204,0.052
"India",2018,133,4.19,0.721,0.172,0.539,0.485,0.093
"Niger",2018,134,4.166,0.131,0.175,0.39,0.221,0.099
"Uganda",2018,135,4.161,0.322,0.259,0.45,0.237,0.061
"Benin",2018,136,4.141,0.378,0.163,0.44,0.24,0.067
"Sudan",2018,137,4.139,0.605,0.134,0.016,0.312,0.082
"Ukraine",2018,138,4.103,0.793,0.187,0.163,0.609,0.011
"Togo",2018,139,3.999,0.259,0.158,0.434,0.253,0.101
"Guinea",2018,140,3.964,0.344,0.185,0.394,0.211,0.094
"Lesotho",2018,141,3.808,0.472,0.116,0.423,0.079,0.112
"Angola",2018,142,3.795,0.73,0.079,0,0.269,0.061
"Madagascar",2018,143,3.774,0.262,0.155,0.221,0.402,0.049
"Zimbabwe",2018,144,3.692,0.357,0.132,0.406,0.248,0.099
"Afghanistan",2018,145,3.632,0.332,0.191,0.085,0.255,0.036
"Botswana",2018,146,3.59,1.017,0.042,0.557,0.417,0.092
"Malawi",2018,147,3.587,0.186,0.21,0.531,0.306,0.08
"Haiti",2018,148,3.582,0.315,0.392,0.025,0.289,0.104
"Liberia",2018,149,3.495,0.076,0.206,0.419,0.267,0.03
"Syria",2018,150,3.462,0.689,0.376,0.088,0.539,0.144
"Rwanda",2018,151,3.408,0.332,0.2,0.636,0.4,0.444
"Yemen",2018,152,3.355,0.442,0.083,0.244,0.343,0.064
"Tanzania",2018,153,3.303,0.455,0.27,0.481,0.381,0.097
"South Sudan",2018,154,3.254,0.337,0.224,0.112,0.177,0.106
"Central African Republic",2018,155,3.083,0.024,0.218,0.305,0.01,0.038
"Burundi",2018,156,2.905,0.091,0.149,0.065,0.145,0.076
"Finland",2019,1,7.769,1.34,0.153,0.596,0.986,0.393
"Denmark",2019,2,7.6,1.383,0.252,0.592,0.996,0.41
"Norway",2019,3,7.554,1.488,0.271,0.603,1.028,0.341
"Iceland",2019,4,7.494,1.38,0.354,0.591,1.026,0.118
"Netherlands",2019,5,7.488,1.396,0.322,0.557,0.999,0.298
"Switzerland",2019,6,7.48,1.452,0.263,0.572,1.052,0.343
"Sweden",2019,7,7.343,1.387,0.267,0.574,1.009,0.373
"New Zealand",2019,8,7.307,1.303,0.33,0.585,1.026,0.38
"Canada",2019,9,7.278,1.365,0.285,0.584,1.039,0.308
"Austria",2019,10,7.246,1.376,0.244,0.532,1.016,0.226
"Australia",2019,11,7.228,1.372,0.332,0.557,1.036,0.29
"Costa Rica",2019,12,7.167,1.034,0.144,0.558,0.963,0.093
"Israel",2019,13,7.139,1.276,0.261,0.371,1.029,0.082
"Luxembourg",2019,14,7.09,1.609,0.194,0.526,1.012,0.316
"United Kingdom",2019,15,7.054,1.333,0.348,0.45,0.996,0.278
"Ireland",2019,16,7.021,1.499,0.298,0.516,0.999,0.31
"Germany",2019,17,6.985,1.373,0.261,0.495,0.987,0.265
"Belgium",2019,18,6.923,1.356,0.16,0.473,0.986,0.21
"United States",2019,19,6.892,1.433,0.28,0.454,0.874,0.128
"Czech Republic",2019,20,6.852,1.269,0.046,0.457,0.92,0.036
"United Arab Emirates",2019,21,6.825,1.503,0.262,0.598,0.825,0.182
"Malta",2019,22,6.726,1.3,0.375,0.564,0.999,0.151
"Mexico",2019,23,6.595,1.07,0.074,0.433,0.861,0.073
"France",2019,24,6.592,1.324,0.111,0.436,1.045,0.183
"Taiwan",2019,25,6.446,1.368,0.242,0.351,0.914,0.097
"Chile",2019,26,6.444,1.159,0.187,0.357,0.92,0.056
"Guatemala",2019,27,6.436,0.8,0.175,0.535,0.746,0.078
"Saudi Arabia",2019,28,6.375,1.403,0.08,0.439,0.795,0.132
"Qatar",2019,29,6.374,1.684,0.22,0.555,0.871,0.167
"Spain",2019,30,6.354,1.286,0.153,0.362,1.062,0.079
"Panama",2019,31,6.321,1.149,0.109,0.516,0.91,0.054
"Brazil",2019,32,6.3,1.004,0.099,0.39,0.802,0.086
"Uruguay",2019,33,6.293,1.124,0.127,0.523,0.891,0.15
"Singapore",2019,34,6.262,1.572,0.271,0.556,1.141,0.453
"El Salvador",2019,35,6.253,0.794,0.093,0.43,0.789,0.074
"Italy",2019,36,6.223,1.294,0.158,0.231,1.039,0.03
"Bahrain",2019,37,6.199,1.362,0.255,0.536,0.871,0.11
"Slovakia",2019,38,6.198,1.246,0.121,0.334,0.881,0.014
"Trinidad & Tobago",2019,39,6.192,1.231,0.185,0.489,0.713,0.016
"Poland",2019,40,6.182,1.206,0.117,0.483,0.884,0.05
"Uzbekistan",2019,41,6.174,0.745,0.322,0.631,0.756,0.24
"Lithuania",2019,42,6.149,1.238,0.043,0.291,0.818,0.042
"Colombia",2019,43,6.125,0.985,0.099,0.47,0.841,0.034
"Slovenia",2019,44,6.118,1.258,0.144,0.564,0.953,0.057
"Nicaragua",2019,45,6.105,0.694,0.2,0.435,0.835,0.127
"Kosovo",2019,46,6.1,0.882,0.262,0.489,0.758,0.006
"Argentina",2019,47,6.086,1.092,0.066,0.471,0.881,0.05
"Romania",2019,48,6.07,1.162,0.083,0.462,0.825,0.005
"Cyprus",2019,49,6.046,1.263,0.19,0.406,1.042,0.041
"Ecuador",2019,50,6.028,0.912,0.126,0.498,0.868,0.087
"Kuwait",2019,51,6.021,1.5,0.142,0.493,0.808,0.097
"Thailand",2019,52,6.008,1.05,0.359,0.557,0.828,0.028
"Latvia",2019,53,5.94,1.187,0.075,0.264,0.812,0.064
"South Korea",2019,54,5.895,1.301,0.175,0.159,1.036,0.056
"Estonia",2019,55,5.893,1.237,0.103,0.495,0.874,0.161
"Jamaica",2019,56,5.89,0.831,0.107,0.49,0.831,0.028
"Mauritius",2019,57,5.888,1.12,0.215,0.498,0.798,0.06
"Japan",2019,58,5.886,1.327,0.069,0.445,1.088,0.14
"Honduras",2019,59,5.86,0.642,0.246,0.507,0.828,0.078
"Kazakhstan",2019,60,5.809,1.173,0.146,0.41,0.729,0.096
"Bolivia",2019,61,5.779,0.776,0.137,0.511,0.706,0.064
"Hungary",2019,62,5.758,1.201,0.081,0.199,0.828,0.02
"Paraguay",2019,63,5.743,0.855,0.184,0.514,0.777,0.08
"Northern Cyprus",2019,64,5.718,1.263,0.191,0.417,1.042,0.162
"Peru",2019,65,5.697,0.96,0.083,0.455,0.854,0.027
"Portugal",2019,66,5.693,1.221,0.047,0.508,0.999,0.025
"Pakistan",2019,67,5.653,0.677,0.22,0.313,0.535,0.098
"Russia",2019,68,5.648,1.183,0.082,0.334,0.726,0.031
"Philippines",2019,69,5.631,0.807,0.117,0.558,0.657,0.107
"Serbia",2019,70,5.603,1.004,0.137,0.282,0.854,0.039
"Moldova",2019,71,5.529,0.685,0.181,0.245,0.739,0
"Libya",2019,72,5.525,1.044,0.133,0.416,0.673,0.152
"Montenegro",2019,73,5.523,1.051,0.142,0.197,0.871,0.08
"Tajikistan",2019,74,5.467,0.493,0.23,0.389,0.718,0.144
"Croatia",2019,75,5.432,1.155,0.119,0.296,0.914,0.022
"Hong Kong",2019,76,5.43,1.438,0.258,0.44,1.122,0.287
"Dominican Republic",2019,77,5.425,1.015,0.113,0.497,0.779,0.101
"Bosnia and Herzegovina",2019,78,5.386,0.945,0.263,0.212,0.845,0.006
"Turkey",2019,79,5.373,1.183,0.083,0.195,0.808,0.106
"Malaysia",2019,80,5.339,1.221,0.26,0.508,0.828,0.024
"Belarus",2019,81,5.323,1.067,0.094,0.235,0.789,0.142
"Greece",2019,82,5.287,1.181,0,0.067,0.999,0.034
"Mongolia",2019,83,5.285,0.948,0.235,0.317,0.667,0.038
"North Macedonia",2019,84,5.274,0.983,0.185,0.345,0.838,0.034
"Nigeria",2019,85,5.265,0.696,0.215,0.426,0.245,0.041
"Kyrgyzstan",2019,86,5.261,0.551,0.3,0.508,0.723,0.023
"Turkmenistan",2019,87,5.247,1.052,0.244,0.394,0.657,0.028
"Algeria",2019,88,5.211,1.002,0.073,0.086,0.785,0.114
"Morocco",2019,89,5.208,0.801,0.036,0.418,0.782,0.076
"Azerbaijan",2019,90,5.208,1.043,0.035,0.351,0.769,0.182
"Lebanon",2019,91,5.197,0.987,0.166,0.216,0.815,0.027
"Indonesia",2019,92,5.192,0.931,0.498,0.491,0.66,0.028
"China",2019,93,5.191,1.029,0.058,0.521,0.893,0.1
"Vietnam",2019,94,5.175,0.741,0.147,0.543,0.851,0.073
"Bhutan",2019,95,5.082,0.813,0.37,0.457,0.604,0.167
"Cameroon",2019,96,5.044,0.549,0.187,0.381,0.331,0.037
"Bulgaria",2019,97,5.011,1.092,0.081,0.311,0.815,0.004
"Ghana",2019,98,4.996,0.611,0.245,0.381,0.486,0.04
"Ivory Coast",2019,99,4.944,0.569,0.154,0.352,0.232,0.09
"Nepal",2019,100,4.913,0.446,0.285,0.439,0.677,0.089
"Jordan",2019,101,4.906,0.837,0.11,0.383,0.815,0.13
"Benin",2019,102,4.883,0.393,0.175,0.349,0.397,0.082
"Congo (Brazzaville)",2019,103,4.812,0.673,0.105,0.372,0.508,0.093
"Gabon",2019,104,4.799,1.057,0.043,0.295,0.571,0.055
"Laos",2019,105,4.796,0.764,0.266,0.547,0.551,0.164
"South Africa",2019,106,4.722,0.96,0.13,0.389,0.469,0.055
"Albania",2019,107,4.719,0.947,0.178,0.383,0.874,0.027
"Venezuela",2019,108,4.707,0.96,0.064,0.154,0.805,0.047
"Cambodia",2019,109,4.7,0.574,0.232,0.609,0.637,0.062
"Palestinian Territories",2019,110,4.696,0.657,0.103,0.225,0.672,0.066
"Senegal",2019,111,4.681,0.45,0.153,0.292,0.571,0.072
"Somalia",2019,112,4.668,0,0.243,0.559,0.268,0.27
"Namibia",2019,113,4.639,0.879,0.07,0.401,0.477,0.056
"Niger",2019,114,4.628,0.138,0.188,0.318,0.366,0.102
"Burkina Faso",2019,115,4.587,0.331,0.177,0.255,0.38,0.113
"Armenia",2019,116,4.559,0.85,0.095,0.283,0.815,0.064
"Iran",2019,117,4.548,1.1,0.27,0.305,0.785,0.125
"Guinea",2019,118,4.534,0.38,0.207,0.332,0.375,0.086
"Georgia",2019,119,4.519,0.886,0.043,0.346,0.752,0.164
"Gambia",2019,120,4.516,0.308,0.269,0.382,0.428,0.167
"Kenya",2019,121,4.509,0.512,0.372,0.431,0.581,0.053
"Mauritania",2019,122,4.49,0.57,0.106,0.066,0.489,0.088
"Mozambique",2019,123,4.466,0.204,0.197,0.494,0.39,0.138
"Tunisia",2019,124,4.461,0.921,0.059,0.167,0.815,0.055
"Bangladesh",2019,125,4.456,0.562,0.166,0.527,0.723,0.143
"Iraq",2019,126,4.437,1.043,0.148,0.241,0.574,0.089
"Congo (Kinshasa)",2019,127,4.418,0.094,0.212,0.269,0.357,0.053
"Mali",2019,128,4.39,0.385,0.153,0.327,0.308,0.052
"Sierra Leone",2019,129,4.374,0.268,0.252,0.309,0.242,0.045
"Sri Lanka",2019,130,4.366,0.949,0.244,0.47,0.831,0.047
"Myanmar",2019,131,4.36,0.71,0.566,0.525,0.555,0.172
"Chad",2019,132,4.35,0.35,0.198,0.174,0.192,0.078
"Ukraine",2019,133,4.332,0.82,0.187,0.178,0.739,0.01
"Ethiopia",2019,134,4.286,0.336,0.209,0.344,0.532,0.1
"Swaziland",2019,135,4.212,0.811,0.074,0.313,0,0.135
"Uganda",2019,136,4.189,0.332,0.252,0.356,0.443,0.06
"Egypt",2019,137,4.166,0.913,0.076,0.241,0.644,0.067
"Zambia",2019,138,4.107,0.578,0.247,0.431,0.426,0.087
"Togo",2019,139,4.085,0.275,0.177,0.293,0.41,0.085
"India",2019,140,4.015,0.755,0.2,0.498,0.588,0.085
"Liberia",2019,141,3.975,0.073,0.233,0.37,0.443,0.033
"Comoros",2019,142,3.973,0.274,0.275,0.142,0.505,0.078
"Madagascar",2019,143,3.933,0.274,0.169,0.148,0.555,0.041
"Lesotho",2019,144,3.802,0.489,0.107,0.359,0.168,0.093
"Burundi",2019,145,3.775,0.046,0.176,0.22,0.38,0.18
"Zimbabwe",2019,146,3.663,0.366,0.151,0.361,0.433,0.089
"Haiti",2019,147,3.597,0.323,0.419,0.026,0.449,0.11
"Botswana",2019,148,3.488,1.041,0.025,0.455,0.538,0.1
"Syria",2019,149,3.462,0.619,0.331,0.013,0.44,0.141
"Malawi",2019,150,3.41,0.191,0.218,0.443,0.495,0.089
"Yemen",2019,151,3.38,0.287,0.108,0.143,0.463,0.077
"Rwanda",2019,152,3.334,0.359,0.217,0.555,0.614,0.411
"Tanzania",2019,153,3.231,0.476,0.276,0.417,0.499,0.147
"Afghanistan",2019,154,3.203,0.35,0.158,0,0.361,0.025
"Central African Republic",2019,155,3.083,0.026,0.235,0.225,0.105,0.035
"South Sudan",2019,156,2.853,0.306,0.202,0.01,0.295,0.091
"Finland",2020,1,7.81,1.29,0.16,0.66,0.96,0.48
"Denmark",2020,2,7.65,1.33,0.24,0.67,0.98,0.5
"Switzerland",2020,3,7.56,1.39,0.27,0.63,1.04,0.41
"Iceland",2020,4,7.5,1.33,0.36,0.66,1,0.14
"Norway",2020,5,7.49,1.42,0.29,0.67,1.01,0.43
"Netherlands",2020,6,7.45,1.34,0.34,0.61,0.98,0.37
"Sweden",2020,7,7.35,1.32,0.27,0.65,0.99,0.44
"New Zealand",2020,8,7.3,1.24,0.33,0.65,1.01,0.46
"Austria",2020,9,7.29,1.32,0.26,0.6,1,0.28
"Luxembourg",2020,10,7.24,1.54,0.2,0.61,0.99,0.37
"Canada",2020,11,7.23,1.3,0.28,0.64,1.02,0.35
"Australia",2020,12,7.22,1.31,0.32,0.62,1.02,0.34
"United Kingdom",2020,13,7.16,1.27,0.37,0.53,0.98,0.32
"Israel",2020,14,7.13,1.22,0.27,0.42,1.01,0.1
"Costa Rica",2020,15,7.12,0.98,0.13,0.65,0.94,0.1
"Ireland",2020,16,7.09,1.45,0.3,0.59,0.98,0.37
"Germany",2020,17,7.08,1.31,0.25,0.56,0.97,0.31
"United States",2020,18,6.94,1.37,0.3,0.53,0.83,0.15
"Czech Republic",2020,19,6.91,1.21,0.05,0.51,0.89,0.05
"Belgium",2020,20,6.86,1.3,0.15,0.5,0.96,0.21
"United Arab Emirates",2020,21,6.79,1.43,0.28,0.65,0.79,0.22
"Malta",2020,22,6.77,1.25,0.34,0.63,0.97,0.18
"France",2020,23,6.66,1.27,0.11,0.51,1.03,0.23
"Mexico",2020,24,6.47,1.02,0.08,0.55,0.83,0.08
"Taiwan Province of China",2020,25,6.46,1.33,0.15,0.45,0.88,0.13
"Uruguay",2020,26,6.44,1.07,0.13,0.59,0.86,0.19
"Saudi Arabia",2020,27,6.41,1.33,0.09,0.55,0.76,0.16
"Spain",2020,28,6.4,1.23,0.17,0.43,1.05,0.11
"Guatemala",2020,29,6.4,0.75,0.17,0.61,0.71,0.1
"Italy",2020,30,6.39,1.24,0.17,0.32,1.02,0.04
"Singapore",2020,31,6.38,1.52,0.22,0.64,1.14,0.53
"Brazil",2020,32,6.38,0.95,0.13,0.48,0.77,0.11
"Slovenia",2020,33,6.36,1.21,0.15,0.65,0.93,0.08
"El Salvador",2020,34,6.35,0.75,0.12,0.52,0.75,0.12
"Kosovo",2020,35,6.33,0.84,0.33,0.56,0.67,0.01
"Panama",2020,36,6.3,1.1,0.1,0.58,0.88,0.05
"Slovakia",2020,37,6.28,1.19,0.12,0.42,0.85,0.01
"Uzbekistan",2020,38,6.26,0.7,0.36,0.69,0.72,0.28
"Chile",2020,39,6.23,1.1,0.16,0.42,0.89,0.06
"Bahrain",2020,40,6.23,1.3,0.29,0.61,0.84,0.13
"Lithuania",2020,41,6.22,1.19,0.05,0.42,0.8,0.08
"Trinidad and Tobago",2020,42,6.19,1.17,0.2,0.55,0.66,0.02
"Poland",2020,43,6.19,1.17,0.06,0.56,0.87,0.16
"Colombia",2020,44,6.16,0.93,0.09,0.53,0.81,0.05
"Cyprus",2020,45,6.16,1.21,0.23,0.46,1.03,0.05
"Nicaragua",2020,46,6.14,0.62,0.21,0.56,0.8,0.17
"Romania",2020,47,6.12,1.12,0.07,0.53,0.79,0
"Kuwait",2020,48,6.1,1.42,0.13,0.57,0.78,0.11
"Mauritius",2020,49,6.1,1.07,0.19,0.59,0.76,0.08
"Kazakhstan",2020,50,6.06,1.12,0.15,0.5,0.7,0.11
"Estonia",2020,51,6.02,1.19,0.13,0.58,0.84,0.2
"Philippines",2020,52,6.01,0.78,0.13,0.62,0.6,0.13
"Hungary",2020,53,6,1.16,0.07,0.39,0.81,0.03
"Thailand",2020,54,6,1.01,0.38,0.61,0.79,0.03
"Argentina",2020,55,5.97,1.03,0.07,0.52,0.85,0.06
"Honduras",2020,56,5.95,0.6,0.26,0.57,0.79,0.09
"Latvia",2020,57,5.95,1.14,0.08,0.33,0.78,0.09
"Ecuador",2020,58,5.93,0.85,0.12,0.56,0.84,0.09
"Portugal",2020,59,5.91,1.17,0.05,0.59,0.98,0.03
"Jamaica",2020,60,5.89,0.78,0.12,0.55,0.79,0.03
"South Korea",2020,61,5.87,1.25,0.17,0.26,1.02,0.09
"Japan",2020,62,5.87,1.27,0.04,0.5,1.07,0.18
"Peru",2020,63,5.8,0.92,0.09,0.51,0.82,0.03
"Serbia",2020,64,5.78,0.99,0.15,0.4,0.83,0.06
"Bolivia",2020,65,5.75,0.73,0.14,0.57,0.66,0.07
"Pakistan",2020,66,5.69,0.62,0.23,0.41,0.47,0.12
"Paraguay",2020,67,5.69,0.9,0.2,0.59,0.74,0.07
"Dominican Republic",2020,68,5.69,0.98,0.11,0.56,0.74,0.12
"Bosnia and Herzegovina",2020,69,5.67,0.92,0.26,0.31,0.81,0
"Moldova",2020,70,5.61,0.71,0.17,0.39,0.71,0.01
"Tajikistan",2020,71,5.56,0.47,0.18,0.52,0.68,0.22
"Montenegro",2020,72,5.55,1.01,0.15,0.3,0.84,0.1
"Russia",2020,73,5.55,1.13,0.1,0.4,0.68,0.05
"Kyrgyzstan",2020,74,5.54,0.51,0.3,0.61,0.68,0.03
"Belarus",2020,75,5.54,1.02,0.09,0.29,0.75,0.19
"North Cyprus",2020,76,5.54,1.21,0.2,0.48,1.03,0.2
"Greece",2020,77,5.51,1.13,0,0.17,0.98,0.05
"Hong Kong S.A.R. of China",2020,78,5.51,1.38,0.29,0.46,1.14,0.33
"Croatia",2020,79,5.5,1.11,0.11,0.38,0.9,0.01
"Libya",2020,80,5.49,1.02,0.14,0.45,0.62,0.17
"Mongolia",2020,81,5.46,0.9,0.26,0.36,0.62,0.05
"Malaysia",2020,82,5.38,1.17,0.27,0.6,0.79,0.06
"Vietnam",2020,83,5.35,0.72,0.14,0.65,0.82,0.09
"Indonesia",2020,84,5.29,0.89,0.54,0.57,0.61,0.04
"Ivory Coast",2020,85,5.23,0.54,0.17,0.4,0.15,0.09
"Benin",2020,86,5.22,0.37,0.2,0.41,0.33,0.13
"Maldives",2020,87,5.2,0.94,0.22,0.55,0.91,0.07
"Congo (Brazzaville)",2020,88,5.19,0.63,0.12,0.39,0.46,0.12
"Azerbaijan",2020,89,5.16,0.99,0.04,0.47,0.73,0.25
"Macedonia",2020,90,5.16,0.94,0.19,0.41,0.8,0.02
"Ghana",2020,91,5.15,0.58,0.26,0.48,0.43,0.06
"Nepal",2020,92,5.14,0.44,0.3,0.48,0.67,0.13
"Turkey",2020,93,5.13,1.13,0.09,0.25,0.78,0.12
"China",2020,94,5.12,0.99,0.08,0.6,0.87,0.12
"Turkmenistan",2020,95,5.12,1.01,0.32,0.52,0.61,0.03
"Bulgaria",2020,96,5.1,1.05,0.1,0.42,0.78,0
"Morocco",2020,97,5.09,0.76,0.04,0.45,0.75,0.08
"Cameroon",2020,98,5.08,0.5,0.2,0.44,0.27,0.05
"Venezuela",2020,99,5.05,0.77,0.09,0.27,0.77,0.06
"Algeria",2020,100,5.01,0.94,0.12,0.08,0.75,0.13
"Senegal",2020,101,4.98,0.5,0.16,0.35,0.52,0.08
"Guinea",2020,102,4.95,0.39,0.25,0.37,0.33,0.11
"Niger",2020,103,4.91,0.11,0.21,0.44,0.3,0.14
"Laos",2020,104,4.89,0.71,0.27,0.61,0.49,0.19
"Albania",2020,105,4.88,0.91,0.17,0.46,0.85,0.03
"Cambodia",2020,106,4.85,0.54,0.23,0.67,0.59,0.07
"Bangladesh",2020,107,4.83,0.56,0.18,0.6,0.69,0.18
"Gabon",2020,108,4.83,0.99,0.05,0.37,0.52,0.06
"South Africa",2020,109,4.81,0.9,0.13,0.43,0.41,0.06
"Iraq",2020,110,4.78,0.98,0.15,0.28,0.53,0.07
"Lebanon",2020,111,4.77,0.89,0.16,0.19,0.79,0.02
"Burkina Faso",2020,112,4.77,0.3,0.19,0.32,0.31,0.13
"Gambia",2020,113,4.75,0.26,0.43,0.4,0.35,0.16
"Mali",2020,114,4.73,0.35,0.17,0.38,0.23,0.06
"Nigeria",2020,115,4.72,0.65,0.22,0.44,0.17,0.05
"Armenia",2020,116,4.68,0.81,0.11,0.38,0.78,0.1
"Georgia",2020,117,4.67,0.85,0.05,0.49,0.69,0.17
"Iran",2020,118,4.67,1.03,0.28,0.3,0.75,0.14
"Jordan",2020,119,4.63,0.79,0.09,0.42,0.78,0.15
"Mozambique",2020,120,4.62,0.18,0.22,0.56,0.32,0.16
"Kenya",2020,121,4.58,0.48,0.39,0.52,0.54,0.07
"Namibia",2020,122,4.57,0.84,0.08,0.44,0.41,0.05
"Ukraine",2020,123,4.56,0.78,0.18,0.32,0.7,0.01
"Liberia",2020,124,4.56,0.17,0.23,0.41,0.39,0.05
"Palestinian Territories",2020,125,4.55,0.59,0.09,0.3,0.61,0.07
"Uganda",2020,126,4.43,0.31,0.26,0.4,0.38,0.06
"Chad",2020,127,4.42,0.3,0.21,0.23,0.11,0.09
"Tunisia",2020,128,4.39,0.87,0.06,0.24,0.78,0.04
"Mauritania",2020,129,4.37,0.54,0.13,0.19,0.43,0.12
"Sri Lanka",2020,130,4.33,0.9,0.25,0.53,0.79,0.05
"Congo (Kinshasa)",2020,131,4.31,0.06,0.25,0.36,0.28,0.08
"Swaziland",2020,132,4.31,0.83,0.07,0.3,0.22,0.15
"Myanmar",2020,133,4.31,0.68,0.57,0.6,0.5,0.19
"Comoros",2020,134,4.29,0.42,0.26,0.18,0.44,0.1
"Togo",2020,135,4.19,0.27,0.2,0.3,0.34,0.11
"Ethiopia",2020,136,4.19,0.32,0.23,0.41,0.48,0.12
"Madagascar",2020,137,4.17,0.24,0.19,0.19,0.5,0.08
"Egypt",2020,138,4.15,0.88,0.07,0.37,0.6,0.1
"Sierra Leone",2020,139,3.93,0.24,0.26,0.38,0.2,0.05
"Burundi",2020,140,3.78,0,0.19,0.28,0.3,0.21
"Zambia",2020,141,3.76,0.54,0.25,0.49,0.36,0.09
"Haiti",2020,142,3.72,0.28,0.46,0.17,0.37,0.16
"Lesotho",2020,143,3.65,0.45,0.1,0.41,0.1,0.05
"India",2020,144,3.57,0.73,0.24,0.58,0.54,0.11
"Malawi",2020,145,3.54,0.18,0.21,0.49,0.45,0.13
"Yemen",2020,146,3.53,0.39,0.09,0.24,0.42,0.09
"Botswana",2020,147,3.48,1,0.03,0.51,0.49,0.1
"Tanzania",2020,148,3.48,0.46,0.27,0.51,0.44,0.2
"Central African Republic",2020,149,3.48,0.04,0.25,0.29,0,0.03
"Rwanda",2020,150,3.31,0.34,0.24,0.6,0.57,0.49
"Zimbabwe",2020,151,3.3,0.43,0.15,0.38,0.38,0.08
"South Sudan",2020,152,2.82,0.29,0.21,0.07,0.21,0.11
"Afghanistan",2020,153,2.57,0.3,0.14,0,0.27,0
"Finland",2021,1,7.842,1.446,0.124,0.691,0.741,0.481
"Denmark",2021,2,7.62,1.502,0.208,0.686,0.763,0.485
"Switzerland",2021,3,7.571,1.566,0.204,0.653,0.816,0.413
"Iceland",2021,4,7.554,1.482,0.293,0.698,0.772,0.17
"Netherlands",2021,5,7.464,1.501,0.302,0.647,0.753,0.384
"Norway",2021,6,7.392,1.543,0.249,0.703,0.782,0.427
"Sweden",2021,7,7.363,1.478,0.244,0.685,0.763,0.448
"Luxembourg",2021,8,7.324,1.751,0.166,0.639,0.76,0.353
"New Zealand",2021,9,7.277,1.4,0.276,0.665,0.785,0.445
"Austria",2021,10,7.268,1.492,0.215,0.64,0.782,0.292
"Australia",2021,11,7.183,1.453,0.291,0.647,0.801,0.317
"Israel",2021,12,7.157,1.376,0.208,0.509,0.788,0.119
"Germany",2021,13,7.155,1.48,0.195,0.6,0.757,0.306
"Canada",2021,14,7.103,1.447,0.246,0.648,0.798,0.335
"Ireland",2021,15,7.085,1.644,0.238,0.606,0.753,0.367
"Costa Rica",2021,16,7.069,1.134,0.105,0.673,0.722,0.083
"United Kingdom",2021,17,7.064,1.423,0.34,0.58,0.757,0.306
"Czech Republic",2021,18,6.965,1.37,0.052,0.58,0.703,0.046
"United States",2021,19,6.951,1.533,0.252,0.554,0.621,0.154
"Belgium",2021,20,6.834,1.463,0.088,0.489,0.747,0.187
"France",2021,21,6.69,1.421,0.092,0.536,0.804,0.235
"Bahrain",2021,22,6.647,1.409,0.246,0.661,0.662,0.139
"Malta",2021,23,6.602,1.411,0.275,0.664,0.747,0.183
"Taiwan Province of China",2021,24,6.584,1.48,0.142,0.49,0.665,0.139
"United Arab Emirates",2021,25,6.561,1.555,0.236,0.67,0.594,0.223
"Saudi Arabia",2021,26,6.494,1.435,0.09,0.603,0.571,0.163
"Spain",2021,27,6.491,1.375,0.135,0.462,0.826,0.124
"Italy",2021,28,6.483,1.393,0.133,0.379,0.798,0.047
"Slovenia",2021,29,6.461,1.36,0.122,0.69,0.722,0.085
"Guatemala",2021,30,6.435,0.845,0.163,0.638,0.519,0.105
"Uruguay",2021,31,6.431,1.164,0.128,0.625,0.649,0.223
"Singapore",2021,32,6.377,1.695,0.176,0.664,0.897,0.547
"Kosovo",2021,33,6.372,0.937,0.356,0.593,0.483,0.014
"Slovakia",2021,34,6.331,1.304,0.107,0.468,0.653,0.018
"Brazil",2021,35,6.33,1.028,0.142,0.514,0.571,0.117
"Mexico",2021,36,6.317,1.126,0.092,0.585,0.634,0.089
"Jamaica",2021,37,6.309,0.891,0.099,0.618,0.599,0.035
"Lithuania",2021,38,6.255,1.35,0.056,0.476,0.612,0.073
"Cyprus",2021,39,6.223,1.377,0.178,0.464,0.801,0.061
"Estonia",2021,40,6.189,1.344,0.119,0.641,0.64,0.263
"Panama",2021,41,6.18,1.298,0.079,0.596,0.667,0.053
"Uzbekistan",2021,42,6.179,0.769,0.391,0.716,0.528,0.271
"Chile",2021,43,6.172,1.2,0.159,0.438,0.678,0.07
"Poland",2021,44,6.166,1.309,0.08,0.558,0.668,0.13
"Kazakhstan",2021,45,6.152,1.23,0.143,0.573,0.527,0.132
"Romania",2021,46,6.14,1.275,0.045,0.564,0.595,0.001
"Kuwait",2021,47,6.106,1.461,0.12,0.591,0.58,0.13
"Serbia",2021,48,6.078,1.101,0.189,0.482,0.634,0.066
"El Salvador",2021,49,6.061,0.845,0.116,0.615,0.565,0.16
"Mauritius",2021,50,6.049,1.178,0.153,0.59,0.574,0.096
"Latvia",2021,51,6.032,1.285,0.082,0.405,0.587,0.089
"Colombia",2021,52,6.012,1.021,0.1,0.554,0.615,0.063
"Hungary",2021,53,5.992,1.301,0.067,0.454,0.615,0.04
"Thailand",2021,54,5.985,1.107,0.375,0.611,0.596,0.028
"Nicaragua",2021,55,5.972,0.693,0.201,0.553,0.604,0.176
"Japan",2021,56,5.94,1.389,0.02,0.504,0.838,0.192
"Argentina",2021,57,5.929,1.162,0.069,0.544,0.646,0.067
"Portugal",2021,58,5.929,1.323,0.029,0.621,0.76,0.033
"Honduras",2021,59,5.919,0.703,0.241,0.578,0.593,0.083
"Croatia",2021,60,5.882,1.251,0.111,0.453,0.703,0
"Philippines",2021,61,5.88,0.853,0.125,0.651,0.426,0.126
"South Korea",2021,62,5.845,1.403,0.134,0.353,0.801,0.135
"Peru",2021,63,5.84,0.986,0.087,0.536,0.623,0.031
"Bosnia and Herzegovina",2021,64,5.813,1.032,0.261,0.395,0.618,0.005
"Moldova",2021,65,5.766,0.985,0.137,0.536,0.542,0.013
"Ecuador",2021,66,5.764,0.935,0.107,0.56,0.64,0.062
"Kyrgyzstan",2021,67,5.744,0.665,0.266,0.673,0.501,0.02
"Greece",2021,68,5.723,1.273,0,0.243,0.76,0.074
"Bolivia",2021,69,5.716,0.842,0.138,0.6,0.486,0.064
"Mongolia",2021,70,5.677,0.966,0.263,0.397,0.442,0.053
"Paraguay",2021,71,5.653,0.983,0.206,0.602,0.549,0.037
"Montenegro",2021,72,5.581,1.155,0.166,0.397,0.637,0.081
"Dominican Republic",2021,73,5.545,1.106,0.101,0.581,0.555,0.144
"North Cyprus",2021,74,5.536,1.377,0.196,0.503,0.801,0.2
"Belarus",2021,75,5.534,1.124,0.07,0.326,0.56,0.199
"Russia",2021,76,5.477,1.241,0.115,0.409,0.511,0.06
"Hong Kong S.A.R. of China",2021,77,5.477,1.525,0.232,0.408,0.893,0.342
"Tajikistan",2021,78,5.466,0.508,0.152,0.548,0.498,0.247
"Vietnam",2021,79,5.411,0.817,0.124,0.679,0.616,0.091
"Libya",2021,80,5.41,1.044,0.131,0.474,0.435,0.174
"Malaysia",2021,81,5.384,1.259,0.27,0.624,0.587,0.064
"Indonesia",2021,82,5.345,0.954,0.541,0.598,0.433,0.046
"Congo (Brazzaville)",2021,83,5.342,0.518,0.144,0.381,0.307,0.124
"China",2021,84,5.339,1.061,0.093,0.636,0.665,0.117
"Ivory Coast",2021,85,5.306,0.669,0.177,0.438,0.052,0.092
"Armenia",2021,86,5.283,0.996,0.079,0.54,0.585,0.198
"Nepal",2021,87,5.269,0.519,0.287,0.488,0.496,0.135
"Bulgaria",2021,88,5.266,1.181,0.125,0.494,0.583,0.005
"Maldives",2021,89,5.198,1.115,0.204,0.575,0.697,0.073
"Azerbaijan",2021,90,5.171,1.025,0.043,0.526,0.541,0.276
"Cameroon",2021,91,5.142,0.543,0.205,0.425,0.159,0.058
"Senegal",2021,92,5.132,0.518,0.158,0.381,0.357,0.088
"Albania",2021,93,5.117,1.008,0.168,0.491,0.646,0.024
"North Macedonia",2021,94,5.101,1.068,0.212,0.45,0.535,0.022
"Ghana",2021,95,5.088,0.68,0.268,0.517,0.287,0.058
"Niger",2021,96,5.074,0.162,0.2,0.516,0.167,0.157
"Turkmenistan",2021,97,5.066,1.046,0.366,0.602,0.439,0.033
"Gambia",2021,98,5.051,0.367,0.465,0.384,0.21,0.123
"Benin",2021,99,5.045,0.507,0.166,0.457,0.196,0.178
"Laos",2021,100,5.03,0.808,0.268,0.643,0.33,0.179
"Bangladesh",2021,101,5.025,0.635,0.161,0.603,0.514,0.164
"Guinea",2021,102,4.984,0.42,0.25,0.384,0.206,0.111
"South Africa",2021,103,4.956,0.967,0.144,0.447,0.265,0.051
"Turkey",2021,104,4.948,1.26,0.097,0.236,0.59,0.104
"Pakistan",2021,105,4.934,0.637,0.252,0.418,0.322,0.097
"Morocco",2021,106,4.918,0.792,0.034,0.477,0.558,0.088
"Venezuela",2021,107,4.892,0.852,0.078,0.284,0.574,0.072
"Georgia",2021,108,4.891,1.03,0.032,0.488,0.498,0.181
"Algeria",2021,109,4.887,0.946,0.144,0.119,0.552,0.12
"Ukraine",2021,110,4.875,0.979,0.181,0.417,0.517,0.01
"Iraq",2021,111,4.854,0.91,0.153,0.302,0.381,0.041
"Gabon",2021,112,4.852,1.037,0.058,0.424,0.362,0.064
"Burkina Faso",2021,113,4.834,0.364,0.182,0.381,0.179,0.122
"Cambodia",2021,114,4.83,0.603,0.21,0.702,0.426,0.061
"Mozambique",2021,115,4.794,0.183,0.228,0.608,0.196,0.163
"Nigeria",2021,116,4.759,0.663,0.212,0.433,0.051,0.039
"Mali",2021,117,4.723,0.387,0.164,0.384,0.11,0.072
"Iran",2021,118,4.721,1.03,0.33,0.275,0.561,0.144
"Uganda",2021,119,4.636,0.364,0.267,0.398,0.24,0.054
"Liberia",2021,120,4.625,0.228,0.221,0.43,0.253,0.057
"Kenya",2021,121,4.607,0.603,0.375,0.483,0.385,0.073
"Tunisia",2021,122,4.596,0.919,0.057,0.334,0.59,0.044
"Lebanon",2021,123,4.584,1.045,0.14,0.175,0.595,0.026
"Namibia",2021,124,4.574,0.882,0.091,0.411,0.262,0.059
"Palestinian Territories",2021,125,4.517,0.646,0.082,0.33,0.434,0.075
"Myanmar",2021,126,4.426,0.666,0.52,0.601,0.341,0.178
"Jordan",2021,127,4.395,0.89,0.079,0.455,0.583,0.15
"Chad",2021,128,4.355,0.255,0.215,0.24,0,0.084
"Sri Lanka",2021,129,4.325,0.99,0.239,0.559,0.593,0.049
"Swaziland",2021,130,4.308,0.849,0.067,0.323,0.074,0.147
"Comoros",2021,131,4.289,0.488,0.241,0.202,0.279,0.101
"Egypt",2021,132,4.283,0.954,0.069,0.446,0.426,0.092
"Ethiopia",2021,133,4.275,0.37,0.241,0.451,0.331,0.114
"Mauritania",2021,134,4.227,0.666,0.119,0.218,0.273,0.133
"Madagascar",2021,135,4.208,0.266,0.185,0.207,0.341,0.087
"Togo",2021,136,4.107,0.254,0.209,0.289,0.203,0.107
"Zambia",2021,137,4.073,0.528,0.227,0.487,0.231,0.074
"Sierra Leone",2021,138,3.849,0.279,0.243,0.408,0.1,0.047
"India",2021,139,3.819,0.741,0.246,0.622,0.383,0.106
"Burundi",2021,140,3.775,0,0.172,0.298,0.155,0.212
"Yemen",2021,141,3.658,0.329,0.092,0.268,0.272,0.089
"Tanzania",2021,142,3.623,0.433,0.307,0.549,0.3,0.231
"Haiti",2021,143,3.615,0.294,0.463,0.257,0.227,0.139
"Malawi",2021,144,3.6,0.113,0.213,0.484,0.298,0.134
"Lesotho",2021,145,3.512,0.451,0.103,0.405,0.007,0.015
"Botswana",2021,146,3.467,1.099,0.027,0.539,0.34,0.088
"Rwanda",2021,147,3.415,0.364,0.227,0.627,0.407,0.493
"Zimbabwe",2021,148,3.145,0.457,0.157,0.359,0.243,0.075
"Afghanistan",2021,149,2.523,0.37,0.122,0,0.126,0.01
"Finland",2022,1,7.821,1.892,0.109,0.736,0.775,0.534
"Denmark",2022,2,7.636,1.953,0.188,0.719,0.777,0.532
"Iceland",2022,3,7.557,1.936,0.27,0.718,0.803,0.191
"Switzerland",2022,4,7.512,2.026,0.147,0.677,0.822,0.461
"Netherlands",2022,5,7.415,1.945,0.271,0.651,0.787,0.419
"Luxembourg*",2022,6,7.404,2.209,0.12,0.7,0.79,0.388
"Sweden",2022,7,7.384,1.92,0.218,0.724,0.803,0.512
"Norway",2022,8,7.365,1.997,0.217,0.728,0.786,0.474
"Israel",2022,9,7.364,1.826,0.155,0.568,0.818,0.143
"New Zealand",2022,10,7.2,1.852,0.245,0.68,0.752,0.483
"Austria",2022,11,7.163,1.931,0.193,0.623,0.774,0.329
"Australia",2022,12,7.162,1.9,0.258,0.676,0.772,0.341
"Ireland",2022,13,7.041,2.129,0.19,0.627,0.779,0.408
"Germany",2022,14,7.034,1.924,0.163,0.585,0.776,0.358
"Canada",2022,15,7.025,1.886,0.217,0.659,0.783,0.368
"United States",2022,16,6.977,1.982,0.22,0.574,0.628,0.177
"United Kingdom",2022,17,6.943,1.867,0.289,0.597,0.75,0.329
"Czechia",2022,18,6.92,1.815,0.158,0.66,0.715,0.048
"Belgium",2022,19,6.805,1.907,0.049,0.492,0.764,0.204
"France",2022,20,6.687,1.863,0.07,0.567,0.808,0.266
"Bahrain",2022,21,6.647,1.854,0.199,0.693,0.625,0.155
"Slovenia",2022,22,6.63,1.81,0.118,0.685,0.769,0.115
"Costa Rica",2022,23,6.582,1.584,0.089,0.661,0.744,0.102
"United Arab Emirates",2022,24,6.576,1.998,0.204,0.702,0.633,0.25
"Saudi Arabia",2022,25,6.523,1.87,0.078,0.651,0.577,0.18
"Taiwan Province of China",2022,26,6.512,1.897,0.075,0.542,0.733,0.168
"Singapore",2022,27,6.48,2.149,0.163,0.672,0.851,0.587
"Romania",2022,28,6.477,1.719,0.039,0.605,0.655,0.006
"Spain",2022,29,6.476,1.808,0.101,0.505,0.808,0.149
"Uruguay",2022,30,6.474,1.615,0.103,0.665,0.672,0.265
"Italy",2022,31,6.467,1.834,0.085,0.412,0.801,0.059
"Kosovo",2022,32,6.455,1.362,0.309,0.599,0.569,0.035
"Malta",2022,33,6.447,1.838,0.174,0.679,0.789,0.166
"Lithuania",2022,34,6.446,1.804,0.053,0.496,0.659,0.077
"Slovakia",2022,35,6.391,1.736,0.118,0.479,0.707,0.025
"Estonia",2022,36,6.341,1.793,0.123,0.689,0.728,0.333
"Panama",2022,37,6.309,1.715,0.049,0.592,0.709,0.051
"Brazil",2022,38,6.293,1.462,0.131,0.546,0.615,0.134
"Guatemala*",2022,39,6.262,1.274,0.112,0.662,0.522,0.115
"Kazakhstan",2022,40,6.234,1.668,0.134,0.584,0.611,0.157
"Cyprus",2022,41,6.221,1.815,0.123,0.448,0.819,0.062
"Latvia",2022,42,6.18,1.732,0.075,0.502,0.637,0.09
"Serbia",2022,43,6.178,1.55,0.219,0.546,0.658,0.088
"Chile",2022,44,6.172,1.651,0.124,0.46,0.748,0.069
"Nicaragua",2022,45,6.165,1.105,0.168,0.617,0.617,0.212
"Mexico",2022,46,6.128,1.552,0.092,0.621,0.623,0.115
"Croatia",2022,47,6.125,1.705,0.109,0.535,0.709,0
"Poland",2022,48,6.123,1.758,0.124,0.523,0.712,0.14
"El Salvador",2022,49,6.12,1.265,0.089,0.666,0.607,0.212
"Kuwait*",2022,50,6.106,1.904,0.087,0.617,0.747,0.147
"Hungary",2022,51,6.086,1.748,0.078,0.485,0.668,0.064
"Mauritius",2022,52,6.071,1.591,0.131,0.589,0.568,0.107
"Uzbekistan",2022,53,6.063,1.219,0.283,0.716,0.6,0.24
"Japan",2022,54,6.039,1.835,0.007,0.537,0.866,0.218
"Honduras",2022,55,6.022,1.111,0.202,0.582,0.555,0.076
"Portugal",2022,56,6.016,1.76,0.016,0.655,0.777,0.039
"Argentina",2022,57,5.967,1.592,0.081,0.555,0.662,0.085
"Greece",2022,58,5.948,1.703,0.015,0.249,0.774,0.108
"South Korea",2022,59,5.935,1.851,0.111,0.414,0.841,0.176
"Philippines",2022,60,5.904,1.268,0.107,0.678,0.514,0.142
"Thailand",2022,61,5.891,1.535,0.321,0.617,0.697,0.026
"Moldova",2022,62,5.857,1.417,0.102,0.561,0.597,0.028
"Jamaica",2022,63,5.85,1.296,0.08,0.567,0.646,0.053
"Kyrgyzstan",2022,64,5.828,1.069,0.208,0.693,0.638,0.025
"Belarus*",2022,65,5.821,1.562,0.04,0.342,0.629,0.282
"Colombia",2022,66,5.781,1.452,0.087,0.545,0.72,0.077
"Bosnia and Herzegovina",2022,67,5.768,1.468,0.244,0.448,0.665,0.006
"Mongolia",2022,68,5.761,1.393,0.247,0.398,0.467,0.059
"Dominican Republic",2022,69,5.737,1.538,0.084,0.606,0.577,0.179
"Malaysia",2022,70,5.711,1.689,0.213,0.654,0.62,0.126
"Bolivia",2022,71,5.6,1.256,0.112,0.627,0.555,0.064
"China",2022,72,5.585,1.508,0.099,0.656,0.705,0.142
"Paraguay",2022,73,5.578,1.409,0.171,0.629,0.624,0.059
"Peru",2022,74,5.559,1.397,0.09,0.545,0.735,0.037
"Montenegro",2022,75,5.547,1.573,0.135,0.46,0.659,0.077
"Ecuador",2022,76,5.533,1.352,0.08,0.565,0.708,0.083
"Vietnam",2022,77,5.485,1.252,0.143,0.707,0.611,0.105
"Turkmenistan*",2022,78,5.474,1.484,0.314,0.649,0.516,0.032
"North Cyprus*",2022,79,5.467,1.815,0.13,0.523,0.819,0.213
"Russia",2022,80,5.459,1.685,0.117,0.401,0.586,0.08
"Hong Kong S.A.R. of China",2022,81,5.425,1.957,0.147,0.4,0.942,0.383
"Armenia",2022,82,5.399,1.434,0.054,0.558,0.668,0.21
"Tajikistan",2022,83,5.377,0.966,0.118,0.572,0.518,0.304
"Nepal",2022,84,5.377,0.984,0.237,0.519,0.499,0.13
"Bulgaria",2022,85,5.371,1.625,0.123,0.563,0.64,0.021
"Libya*",2022,86,5.33,1.476,0.106,0.477,0.606,0.179
"Indonesia",2022,87,5.24,1.382,0.468,0.62,0.539,0.047
"Ivory Coast",2022,88,5.235,1.094,0.149,0.451,0.322,0.124
"North Macedonia",2022,89,5.199,1.505,0.215,0.488,0.637,0.031
"Albania",2022,90,5.199,1.439,0.138,0.511,0.719,0.028
"South Africa",2022,91,5.194,1.425,0.089,0.442,0.361,0.046
"Azerbaijan*",2022,92,5.173,1.458,0.023,0.601,0.56,0.341
"Gambia*",2022,93,5.164,0.785,0.388,0.367,0.369,0.103
"Bangladesh",2022,94,5.155,1.06,0.125,0.622,0.581,0.187
"Laos",2022,95,5.14,1.239,0.197,0.679,0.479,0.184
"Algeria",2022,96,5.122,1.363,0.106,0.146,0.643,0.15
"Liberia*",2022,97,5.122,0.636,0.178,0.405,0.309,0.08
"Ukraine",2022,98,5.084,1.411,0.188,0.473,0.583,0.017
"Congo",2022,99,5.075,0.95,0.13,0.431,0.355,0.146
"Morocco",2022,100,5.06,1.208,0.02,0.492,0.565,0.102
"Mozambique",2022,101,5.048,0.578,0.185,0.593,0.191,0.2
"Cameroon",2022,102,5.048,0.968,0.152,0.397,0.317,0.074
"Senegal",2022,103,5.046,0.933,0.143,0.494,0.447,0.081
"Niger*",2022,104,5.003,0.57,0.165,0.571,0.326,0.145
"Georgia",2022,105,4.973,1.467,0,0.508,0.595,0.208
"Gabon",2022,106,4.958,1.459,0.032,0.343,0.396,0.099
"Iraq",2022,107,4.941,1.289,0.147,0.328,0.554,0.046
"Venezuela",2022,108,4.925,0,0.225,0.283,0.578,0.082
"Guinea",2022,109,4.891,0.848,0.214,0.334,0.275,0.116
"Iran",2022,110,4.888,1.41,0.241,0.281,0.642,0.146
"Ghana",2022,111,4.872,1.112,0.23,0.5,0.409,0.056
"Turkey",2022,112,4.744,1.707,0.087,0.209,0.702,0.115
"Burkina Faso",2022,113,4.67,0.779,0.186,0.382,0.32,0.126
"Cambodia",2022,114,4.64,1.019,0.166,0.74,0.505,0.068
"Benin",2022,115,4.623,0.932,0.127,0.479,0.335,0.23
"Comoros*",2022,116,4.609,0.899,0.195,0.185,0.424,0.125
"Uganda",2022,117,4.603,0.777,0.222,0.402,0.418,0.066
"Nigeria",2022,118,4.552,1.079,0.175,0.444,0.3,0.038
"Kenya",2022,119,4.543,1.032,0.322,0.44,0.401,0.082
"Tunisia",2022,120,4.516,1.35,0.029,0.316,0.656,0.029
"Pakistan",2022,121,4.516,1.049,0.181,0.448,0.374,0.112
"Palestinian Territories*",2022,122,4.483,1.148,0.073,0.336,0.521,0.079
"Mali",2022,123,4.479,0.792,0.128,0.35,0.311,0.042
"Namibia",2022,124,4.459,1.292,0.067,0.384,0.354,0.071
"Eswatini, Kingdom of*",2022,125,4.396,1.274,0.038,0.259,0.197,0.154
"Myanmar",2022,126,4.394,1.038,0.452,0.513,0.491,0.194
"Sri Lanka",2022,127,4.362,1.415,0.15,0.529,0.66,0.079
"Madagascar*",2022,128,4.339,0.67,0.143,0.202,0.378,0.154
"Egypt",2022,129,4.288,1.388,0.041,0.469,0.548,0.254
"Chad*",2022,130,4.251,0.662,0.182,0.18,0.225,0.077
"Ethiopia",2022,131,4.241,0.788,0.205,0.472,0.457,0.136
"Yemen*",2022,132,4.197,0.691,0.09,0.33,0.384,0.098
"Mauritania*",2022,133,4.153,1.1,0.088,0.304,0.45,0.138
"Jordan",2022,134,4.152,1.324,0.058,0.476,0.675,0.2
"Togo",2022,135,4.112,0.771,0.174,0.292,0.36,0.132
"India",2022,136,3.777,1.167,0.198,0.647,0.471,0.123
"Zambia",2022,137,3.76,0.93,0.203,0.525,0.306,0.083
"Malawi",2022,138,3.75,0.648,0.14,0.477,0.388,0.157
"Tanzania",2022,139,3.702,0.848,0.248,0.578,0.425,0.27
"Sierra Leone",2022,140,3.574,0.686,0.202,0.387,0.273,0.055
"Lesotho*",2022,141,3.512,0.839,0.076,0.419,0,0.018
"Botswana*",2022,142,3.471,1.503,0.012,0.571,0.28,0.102
"Rwanda*",2022,143,3.268,0.785,0.187,0.621,0.462,0.544
"Zimbabwe",2022,144,2.995,0.947,0.106,0.329,0.27,0.105
"Lebanon",2022,145,2.955,1.392,0.082,0.103,0.631,0.034
"Afghanistan",2022,146,2.404,0.758,0.089,0,0.289,0.005
"Finland",2023,1,7.804,1.888,0.126,0.772,0.535,0.535
"Denmark",2023,2,7.586,1.949,0.208,0.734,0.537,0.525
"Iceland",2023,3,7.53,1.926,0.25,0.738,0.559,0.187
"Israel",2023,4,7.473,1.833,0.124,0.569,0.577,0.158
"Netherlands",2023,5,7.403,1.942,0.251,0.672,0.545,0.394
"Sweden",2023,6,7.395,1.921,0.225,0.754,0.562,0.52
"Norway",2023,7,7.315,1.994,0.212,0.752,0.544,0.463
"Switzerland",2023,8,7.24,2.022,0.151,0.678,0.582,0.475
"Luxembourg",2023,9,7.228,2.2,0.149,0.71,0.549,0.418
"New Zealand",2023,10,7.123,1.842,0.23,0.672,0.513,0.471
"Austria",2023,11,7.097,1.927,0.191,0.63,0.535,0.31
"Australia",2023,12,7.095,1.899,0.242,0.677,0.532,0.31
"Canada",2023,13,6.961,1.881,0.218,0.656,0.541,0.364
"Ireland",2023,14,6.911,2.152,0.186,0.656,0.539,0.409
"United States",2023,15,6.894,1.98,0.21,0.557,0.39,0.172
"Germany",2023,16,6.892,1.919,0.153,0.618,0.539,0.365
"Belgium",2023,17,6.859,1.907,0.137,0.59,0.528,0.273
"Czechia",2023,18,6.845,1.823,0.158,0.693,0.477,0.05
"United Kingdom",2023,19,6.796,1.857,0.272,0.626,0.511,0.34
"Lithuania",2023,20,6.763,1.808,0.059,0.487,0.432,0.089
"France",2023,21,6.661,1.856,0.083,0.582,0.566,0.27
"Slovenia",2023,22,6.65,1.815,0.144,0.707,0.532,0.113
"Costa Rica",2023,23,6.609,1.587,0.099,0.683,0.503,0.116
"Romania",2023,24,6.589,1.726,0.044,0.631,0.423,0
"Singapore",2023,25,6.587,2.168,0.17,0.66,0.607,0.561
"United Arab Emirates",2023,26,6.571,2.015,0.188,0.745,0.401,0.247
"Taiwan Province of China",2023,27,6.535,1.89,0.067,0.562,0.492,0.178
"Uruguay",2023,28,6.494,1.617,0.102,0.683,0.435,0.254
"Slovakia",2023,29,6.469,1.731,0.128,0.494,0.472,0.022
"Saudi Arabia",2023,30,6.463,1.861,0.093,0.682,0.351,0.17
"Estonia",2023,31,6.455,1.798,0.153,0.728,0.494,0.372
"Spain",2023,32,6.436,1.798,0.101,0.533,0.567,0.157
"Italy",2023,33,6.405,1.832,0.097,0.438,0.559,0.063
"Kosovo",2023,34,6.368,1.374,0.275,0.639,0.372,0.045
"Chile",2023,35,6.334,1.645,0.131,0.546,0.511,0.076
"Mexico",2023,36,6.33,1.55,0.086,0.632,0.389,0.115
"Malta",2023,37,6.3,1.841,0.2,0.671,0.547,0.143
"Panama",2023,38,6.265,1.714,0.065,0.63,0.475,0.036
"Poland",2023,39,6.26,1.767,0.12,0.511,0.477,0.139
"Nicaragua",2023,40,6.259,1.109,0.148,0.66,0.385,0.218
"Latvia",2023,41,6.213,1.737,0.107,0.58,0.405,0.071
"Bahrain",2023,42,6.173,1.883,0.199,0.748,0.389,0.138
"Guatemala",2023,43,6.15,1.287,0.106,0.631,0.31,0.066
"Kazakhstan",2023,44,6.144,1.664,0.136,0.628,0.389,0.149
"Serbia",2023,45,6.144,1.552,0.246,0.617,0.424,0.081
"Cyprus",2023,46,6.13,1.824,0.104,0.455,0.58,0.05
"Japan",2023,47,6.129,1.825,0.009,0.556,0.622,0.207
"Croatia",2023,48,6.125,1.727,0.087,0.5,0.475,0.003
"Brazil",2023,49,6.125,1.454,0.131,0.558,0.387,0.137
"El Salvador",2023,50,6.122,1.278,0.079,0.713,0.383,0.222
"Hungary",2023,51,6.041,1.754,0.105,0.501,0.435,0.065
"Argentina",2023,52,6.024,1.59,0.088,0.587,0.427,0.082
"Honduras",2023,53,6.023,1.115,0.189,0.613,0.341,0.062
"Uzbekistan",2023,54,6.014,1.227,0.26,0.74,0.375,0.208
"Malaysia",2023,55,6.012,1.665,0.222,0.659,0.385,0.122
"Portugal",2023,56,5.968,1.758,0.031,0.693,0.537,0.037
"South Korea",2023,57,5.951,1.853,0.112,0.446,0.603,0.163
"Greece",2023,58,5.931,1.708,0.008,0.248,0.535,0.097
"Mauritius",2023,59,5.902,1.589,0.121,0.574,0.336,0.11
"Thailand",2023,60,5.843,1.515,0.291,0.624,0.461,0.013
"Mongolia",2023,61,5.84,1.379,0.239,0.425,0.244,0.058
"Kyrgyzstan",2023,62,5.825,1.061,0.234,0.735,0.417,0.018
"Moldova",2023,63,5.819,1.425,0.093,0.61,0.375,0.02
"China",2023,64,5.818,1.51,0.115,0.666,0.468,0.145
"Vietnam",2023,65,5.763,1.349,0.134,0.741,0.381,0.122
"Paraguay",2023,66,5.738,1.428,0.148,0.678,0.392,0.062
"Montenegro",2023,67,5.722,1.537,0.17,0.563,0.424,0.061
"Jamaica",2023,68,5.703,1.305,0.079,0.587,0.411,0.039
"Bolivia",2023,69,5.684,1.24,0.103,0.648,0.329,0.06
"Russia",2023,70,5.661,1.68,0.12,0.449,0.366,0.091
"Bosnia and Herzegovina",2023,71,5.633,1.467,0.247,0.485,0.429,0.008
"Colombia",2023,72,5.63,1.455,0.08,0.562,0.486,0.068
"Dominican Republic",2023,73,5.569,1.536,0.083,0.623,0.351,0.195
"Ecuador",2023,74,5.559,1.343,0.079,0.56,0.476,0.069
"Peru",2023,75,5.526,1.39,0.073,0.549,0.499,0.027
"Philippines",2023,76,5.523,1.238,0.104,0.714,0.286,0.141
"Bulgaria",2023,77,5.466,1.635,0.106,0.557,0.408,0.013
"Nepal",2023,78,5.36,0.979,0.215,0.567,0.281,0.104
"Armenia",2023,79,5.342,1.466,0.053,0.551,0.443,0.16
"Tajikistan",2023,80,5.33,0.972,0.104,0.599,0.291,0.292
"Algeria",2023,81,5.329,1.353,0.073,0.252,0.409,0.152
"Hong Kong S.A.R. of China",2023,82,5.308,1.951,0.123,0.407,0.702,0.39
"Albania",2023,83,5.277,1.449,0.133,0.549,0.48,0.037
"Indonesia",2023,84,5.277,1.384,0.422,0.663,0.314,0.038
"South Africa",2023,85,5.275,1.417,0.09,0.464,0.149,0.019
"Congo (Brazzaville)",2023,86,5.267,0.921,0.134,0.464,0.145,0.136
"North Macedonia",2023,87,5.254,1.498,0.207,0.515,0.408,0.02
"Venezuela",2023,88,5.211,0,0.205,0.369,0.341,0.084
"Laos",2023,89,5.111,1.232,0.185,0.715,0.257,0.162
"Georgia",2023,90,5.109,1.477,0,0.539,0.366,0.201
"Guinea",2023,91,5.072,0.844,0.204,0.369,0.072,0.102
"Ukraine",2023,92,5.071,1.358,0.265,0.551,0.355,0.016
"Ivory Coast",2023,93,5.053,1.094,0.138,0.467,0.12,0.131
"Gabon",2023,94,5.035,1.438,0.036,0.346,0.183,0.102
"Nigeria",2023,95,4.981,1.065,0.176,0.448,0.092,0.013
"Cameroon",2023,96,4.973,0.965,0.144,0.405,0.118,0.059
"Mozambique",2023,97,4.954,0.57,0.161,0.625,0,0.192
"Iraq",2023,98,4.941,1.281,0.134,0.351,0.324,0.038
"State of Palestine",2023,99,4.908,1.144,0.065,0.416,NA,0.067
"Morocco",2023,100,4.903,1.236,0.013,0.54,0.337,0.085
"Iran",2023,101,4.876,1.465,0.229,0.281,0.411,0.13
"Senegal",2023,102,4.855,0.943,0.142,0.519,0.231,0.06
"Mauritania",2023,103,4.724,1.099,0.13,0.32,0.244,0.195
"Burkina Faso",2023,104,4.638,0.768,0.188,0.419,0.107,0.113
"Namibia",2023,105,4.631,1.289,0.069,0.383,0.145,0.071
"Turkiye",2023,106,4.614,1.714,0.095,0.125,0.467,0.096
"Ghana",2023,107,4.605,1.101,0.211,0.526,0.197,0.035
"Pakistan",2023,108,4.555,1.081,0.141,0.511,0.158,0.102
"Niger",2023,109,4.501,0.561,0.154,0.54,0.137,0.14
"Tunisia",2023,110,4.497,1.333,0.022,0.259,0.422,0.016
"Kenya",2023,111,4.487,1.051,0.291,0.418,0.19,0.055
"Sri Lanka",2023,112,4.442,1.422,0.12,0.539,0.426,0.086
"Uganda",2023,113,4.432,0.785,0.197,0.425,0.201,0.051
"Chad",2023,114,4.397,0.622,0.255,0.393,0.043,0.088
"Cambodia",2023,115,4.393,1.025,0.176,0.768,0.283,0.051
"Benin",2023,116,4.374,0.924,0.114,0.481,0.124,0.253
"Myanmar",2023,117,4.372,1.032,0.4,0.46,0.269,0.194
"Bangladesh",2023,118,4.282,1.133,0.139,0.617,0.355,0.165
"Gambia",2023,119,4.279,0.761,0.332,0.286,0.174,0.033
"Mali",2023,120,4.198,0.763,0.121,0.441,0.106,0.059
"Egypt",2023,121,4.17,1.377,0.038,0.467,0.326,0.25
"Togo",2023,122,4.137,0.77,0.149,0.367,0.161,0.136
"Jordan",2023,123,4.12,1.292,0.056,0.517,0.438,0.173
"Ethiopia",2023,124,4.091,0.793,0.283,0.451,0.25,0.101
"Liberia",2023,125,4.042,0.628,0.219,0.471,0.141,0.071
"India",2023,126,4.036,1.159,0.175,0.685,0.252,0.111
"Madagascar",2023,127,4.019,0.632,0.177,0.187,0.178,0.134
"Zambia",2023,128,3.982,0.914,0.189,0.545,0.095,0.08
"Tanzania",2023,129,3.694,0.836,0.234,0.607,0.214,0.269
"Comoros",2023,130,3.545,0.914,0.129,0.117,0.215,0.145
"Malawi",2023,131,3.495,0.637,0.139,0.49,0.189,0.129
"Botswana",2023,132,3.435,1.471,0.021,0.48,0.087,0.071
"Congo (Kinshasa)",2023,133,3.207,0.531,0.183,0.375,0.105,0.068
"Zimbabwe",2023,134,3.204,0.758,0.112,0.363,0.069,0.117
"Sierra Leone",2023,135,3.138,0.67,0.193,0.371,0.092,0.051
"Lebanon",2023,136,2.392,1.417,0.061,0.123,0.398,0.027
"Afghanistan",2023,137,1.859,0.645,0.093,0,0.087,0.059
"Finland",2024,1,7.741,1.844,0.142,0.859,0.695,0.546
"Denmark",2024,2,7.583,1.908,0.204,0.823,0.699,0.548
"Iceland",2024,3,7.525,1.881,0.258,0.819,0.718,0.182
"Sweden",2024,4,7.344,1.878,0.221,0.838,0.724,0.524
"Israel",2024,5,7.341,1.803,0.153,0.641,0.74,0.193
"Netherlands",2024,6,7.319,1.901,0.247,0.725,0.706,0.372
"Norway",2024,7,7.302,1.952,0.224,0.835,0.704,0.484
"Luxembourg",2024,8,7.122,2.141,0.146,0.801,0.708,0.432
"Switzerland",2024,9,7.06,1.97,0.173,0.759,0.747,0.498
"Australia",2024,10,7.057,1.854,0.225,0.756,0.692,0.323
"New Zealand",2024,11,7.029,1.81,0.226,0.746,0.673,0.48
"Costa Rica",2024,12,6.955,1.561,0.109,0.797,0.661,0.123
"Kuwait",2024,13,6.951,1.845,0.2,0.827,0.661,0.172
"Austria",2024,14,6.905,1.885,0.214,0.703,0.696,0.305
"Canada",2024,15,6.9,1.84,0.23,0.73,0.701,0.368
"Belgium",2024,16,6.894,1.868,0.17,0.729,0.69,0.311
"Ireland",2024,17,6.838,2.129,0.205,0.758,0.7,0.418
"Czechia",2024,18,6.822,1.783,0.177,0.787,0.638,0.068
"Lithuania",2024,19,6.818,1.766,0.044,0.533,0.598,0.116
"United Kingdom",2024,20,6.749,1.822,0.267,0.713,0.672,0.351
"Slovenia",2024,21,6.743,1.786,0.157,0.789,0.695,0.131
"United Arab Emirates",2024,22,6.733,1.983,0.209,0.815,0.563,0.258
"United States",2024,23,6.725,1.939,0.223,0.586,0.542,0.169
"Germany",2024,24,6.719,1.871,0.174,0.7,0.702,0.368
"Mexico",2024,25,6.678,1.521,0.086,0.722,0.544,0.127
"Uruguay",2024,26,6.611,1.596,0.106,0.775,0.592,0.22
"France",2024,27,6.609,1.818,0.112,0.65,0.727,0.281
"Saudi Arabia",2024,28,6.594,1.842,0.114,0.787,0.511,0.188
"Kosovo",2024,29,6.561,1.364,0.254,0.739,0.599,0.073
"Singapore",2024,30,6.523,2.118,0.168,0.743,0.769,0.575
"Taiwan Province of China",2024,31,6.503,1.842,0.068,0.649,0.65,0.202
"Romania",2024,32,6.491,1.699,0.041,0.717,0.583,0.006
"El Salvador",2024,33,6.469,1.265,0.083,0.816,0.549,0.253
"Estonia",2024,34,6.448,1.752,0.166,0.805,0.657,0.401
"Poland",2024,35,6.442,1.738,0.081,0.6,0.639,0.175
"Spain",2024,36,6.421,1.766,0.119,0.619,0.729,0.177
"Serbia",2024,37,6.411,1.538,0.2,0.663,0.585,0.101
"Chile",2024,38,6.36,1.616,0.117,0.651,0.673,0.075
"Panama",2024,39,6.358,1.702,0.063,0.72,0.633,0.043
"Malta",2024,40,6.346,1.827,0.25,0.727,0.707,0.125
"Italy",2024,41,6.324,1.8,0.112,0.513,0.72,0.074
"Guatemala",2024,42,6.287,1.26,0.105,0.735,0.467,0.078
"Nicaragua",2024,43,6.284,1.097,0.133,0.793,0.542,0.251
"Brazil",2024,44,6.272,1.43,0.13,0.685,0.548,0.142
"Slovakia",2024,45,6.257,1.706,0.096,0.566,0.638,0.058
"Latvia",2024,46,6.234,1.7,0.127,0.666,0.564,0.078
"Uzbekistan",2024,47,6.195,1.212,0.251,0.835,0.539,0.215
"Argentina",2024,48,6.188,1.562,0.087,0.681,0.585,0.08
"Kazakhstan",2024,49,6.188,1.622,0.149,0.733,0.556,0.12
"Cyprus",2024,50,6.068,1.794,0.124,0.529,0.744,0.049
"Japan",2024,51,6.06,1.786,0.023,0.632,0.785,0.219
"South Korea",2024,52,6.058,1.815,0.126,0.555,0.77,0.158
"Philippines",2024,53,6.048,1.232,0.099,0.826,0.441,0.136
"Vietnam",2024,54,6.043,1.331,0.094,0.843,0.539,0.16
"Portugal",2024,55,6.03,1.728,0.047,0.757,0.699,0.035
"Hungary",2024,56,6.017,1.722,0.123,0.581,0.596,0.067
"Paraguay",2024,57,5.977,1.398,0.131,0.788,0.549,0.065
"Thailand",2024,58,5.976,1.484,0.283,0.756,0.62,0.024
"Malaysia",2024,59,5.975,1.646,0.226,0.829,0.54,0.119
"China",2024,60,5.973,1.497,0.132,0.704,0.629,0.164
"Honduras",2024,61,5.968,1.091,0.175,0.72,0.502,0.081
"Bahrain",2024,62,5.959,NA,NA,NA,NA,NA
"Croatia",2024,63,5.942,1.71,0.064,0.469,0.637,0.043
"Greece",2024,64,5.934,1.684,0.018,0.337,0.696,0.093
"Bosnia and Herzegovina",2024,65,5.877,1.465,0.246,0.621,0.587,0
"Libya",2024,66,5.866,1.526,0.111,0.592,0.55,0.204
"Jamaica",2024,67,5.842,1.28,0.089,0.647,0.567,0.028
"Peru",2024,68,5.841,1.371,0.078,0.615,0.662,0.029
"Dominican Republic",2024,69,5.823,1.517,0.086,0.73,0.511,0.196
"Mauritius",2024,70,5.816,1.57,0.123,0.641,0.49,0.118
"Moldova",2024,71,5.816,1.385,0.077,0.695,0.542,0.044
"Russia",2024,72,5.785,1.642,0.138,0.551,0.531,0.121
"Bolivia",2024,73,5.784,1.217,0.1,0.719,0.488,0.061
"Ecuador",2024,74,5.725,1.315,0.087,0.606,0.64,0.078
"Kyrgyzstan",2024,75,5.714,1.054,0.225,0.834,0.588,0.03
"Montenegro",2024,76,5.707,1.571,0.11,0.632,0.587,0.132
"Mongolia",2024,77,5.696,1.353,0.237,0.501,0.4,0.055
"Colombia",2024,78,5.695,1.437,0.072,0.644,0.648,0.059
"Venezuela",2024,79,5.607,0,0.192,0.518,0.491,0.086
"Indonesia",2024,80,5.568,1.361,0.399,0.779,0.472,0.055
"Bulgaria",2024,81,5.463,1.629,0.083,0.62,0.567,0.006
"Armenia",2024,82,5.455,1.444,0.051,0.65,0.603,0.173
"South Africa",2024,83,5.422,1.389,0.078,0.537,0.322,0.034
"North Macedonia",2024,84,5.369,1.475,0.194,0.58,0.569,0.015
"Algeria",2024,85,5.364,1.324,0.091,0.247,0.568,0.2
"Hong Kong S.A.R. of China",2024,86,5.316,1.909,0.147,0.485,0.857,0.402
"Albania",2024,87,5.304,1.438,0.138,0.69,0.638,0.049
"Tajikistan",2024,88,5.281,NA,NA,NA,NA,NA
"Congo (Brazzaville)",2024,89,5.221,0.892,0.124,0.523,0.306,0.138
"Mozambique",2024,90,5.216,0.56,0.158,0.728,0.156,0.196
"Georgia",2024,91,5.185,1.467,0,0.68,0.524,0.174
"Iraq",2024,92,5.166,1.249,0.141,0.425,0.498,0.048
"Nepal",2024,93,5.158,0.965,0.209,0.653,0.443,0.115
"Laos",2024,94,5.139,1.208,0.17,0.796,0.423,0.167
"Gabon",2024,95,5.106,1.403,0.045,0.516,0.344,0.1
"Ivory Coast",2024,96,5.08,1.08,0.12,0.547,0.288,0.164
"Guinea",2024,97,5.023,0.831,0.21,0.521,0.236,0.107
"Turkiye",2024,98,4.975,1.702,0.068,0.202,0.631,0.115
"Senegal",2024,99,4.969,0.927,0.152,0.607,0.392,0.069
"Iran",2024,100,4.923,1.435,0.235,0.366,0.571,0.123
"Azerbaijan",2024,101,4.893,1.433,0.112,0.668,0.496,0.199
"Nigeria",2024,102,4.881,1.042,0.201,0.566,0.256,0.019
"State of Palestine",2024,103,4.879,NA,NA,NA,NA,NA
"Cameroon",2024,104,4.874,0.943,0.126,0.521,0.288,0.06
"Ukraine",2024,105,4.873,1.35,0.285,0.631,0.513,0.025
"Namibia",2024,106,4.832,1.266,0.069,0.47,0.307,0.061
"Morocco",2024,107,4.795,1.213,0.042,0.631,0.495,0.082
"Pakistan",2024,108,4.657,1.069,0.144,0.542,0.321,0.074
"Niger",2024,109,4.556,0.573,0.145,0.615,0.293,0.147
"Burkina Faso",2024,110,4.548,0.756,0.173,0.483,0.274,0.179
"Mauritania",2024,111,4.505,1.078,0.133,0.343,0.4,0.198
"Gambia",2024,112,4.485,0.75,0.324,0.459,0.33,0.048
"Chad",2024,113,4.471,0.603,0.218,0.411,0.199,0.113
"Kenya",2024,114,4.47,1.037,0.282,0.519,0.353,0.069
"Tunisia",2024,115,4.422,1.306,0.024,0.254,0.579,0.018
"Benin",2024,116,4.377,0.914,0.112,0.567,0.284,0.252
"Uganda",2024,117,4.372,0.772,0.178,0.587,0.373,0.054
"Myanmar",2024,118,4.354,0.978,0.401,0.45,0.436,0.174
"Cambodia",2024,119,4.341,1.011,0.17,0.863,0.442,0.071
"Ghana",2024,120,4.289,1.077,0.183,0.623,0.36,0.028
"Liberia",2024,121,4.269,0.619,0.178,0.546,0.301,0.075
"Mali",2024,122,4.232,0.747,0.12,0.586,0.267,0.09
"Madagascar",2024,123,4.228,0.628,0.172,0.25,0.333,0.123
"Togo",2024,124,4.214,0.758,0.127,0.453,0.32,0.156
"Jordan",2024,125,4.186,1.262,0.059,0.593,0.594,0.189
"India",2024,126,4.054,1.166,0.174,0.767,0.417,0.122
"Egypt",2024,127,3.977,1.37,0.025,0.49,0.488,0.259
"Sri Lanka",2024,128,3.898,1.361,0.144,0.583,0.586,0.031
"Bangladesh",2024,129,3.886,1.122,0.14,0.775,0.513,0.167
"Ethiopia",2024,130,3.861,0.792,0.27,0.441,0.42,0.101
"Tanzania",2024,131,3.781,0.82,0.191,0.709,0.38,0.257
"Comoros",2024,132,3.566,0.896,0.128,0.172,0.37,0.16
"Yemen",2024,133,3.561,0.671,0.08,0.362,0.293,0.113
"Zambia",2024,134,3.502,0.899,0.168,0.727,0.264,0.109
"Eswatini",2024,135,3.502,1.255,0.059,0.284,0.176,0.116
"Malawi",2024,136,3.421,0.617,0.135,0.571,0.349,0.136
"Botswana",2024,137,3.383,1.445,0.014,0.567,0.241,0.082
"Zimbabwe",2024,138,3.341,0.748,0.096,0.487,0.232,0.131
"Congo (Kinshasa)",2024,139,3.295,0.534,0.189,0.473,0.262,0.072
"Sierra Leone",2024,140,3.245,0.654,0.181,0.469,0.253,0.053
"Lesotho",2024,141,3.186,0.771,0.082,0.523,0,0.085
"Lebanon",2024,142,2.707,1.377,0.068,0.173,0.556,0.029
"Afghanistan",2024,143,1.721,0.628,0.091,0,0.242,0.088
